solid QARM_quad_fruit_gripper
  facet normal -9.969174e-01 0.000000e+00 -7.845886e-02
    outer loop
      vertex 6.800000e-03 -1.500000e-03 0.000000e+00
      vertex 6.716281e-03 -1.500000e-03 1.063754e-03
      vertex 6.716281e-03 1.500000e-03 1.063754e-03
    endloop
  endfacet
  facet normal -9.969174e-01 0.000000e+00 -7.845886e-02
    outer loop
      vertex 6.800000e-03 -1.500000e-03 0.000000e+00
      vertex 6.716281e-03 1.500000e-03 1.063754e-03
      vertex 6.800000e-03 1.500000e-03 0.000000e+00
    endloop
  endfacet
  facet normal 0.000000e+00 1.000000e+00 0.000000e+00
    outer loop
      vertex 0.000000e+00 -1.500000e-03 0.000000e+00
      vertex 6.716281e-03 -1.500000e-03 1.063754e-03
      vertex 6.800000e-03 -1.500000e-03 0.000000e+00
    endloop
  endfacet
  facet normal 0.000000e+00 -1.000000e+00 0.000000e+00
    outer loop
      vertex 0.000000e+00 1.500000e-03 0.000000e+00
      vertex 6.800000e-03 1.500000e-03 0.000000e+00
      vertex 6.716281e-03 1.500000e-03 1.063754e-03
    endloop
  endfacet
  facet normal -9.723698e-01 0.000000e+00 -2.334457e-01
    outer loop
      vertex 6.716281e-03 -1.500000e-03 1.063754e-03
      vertex 6.467184e-03 -1.500000e-03 2.101316e-03
      vertex 6.467184e-03 1.500000e-03 2.101316e-03
    endloop
  endfacet
  facet normal -9.723698e-01 0.000000e+00 -2.334457e-01
    outer loop
      vertex 6.716281e-03 -1.500000e-03 1.063754e-03
      vertex 6.467184e-03 1.500000e-03 2.101316e-03
      vertex 6.716281e-03 1.500000e-03 1.063754e-03
    endloop
  endfacet
  facet normal 0.000000e+00 1.000000e+00 0.000000e+00
    outer loop
      vertex 0.000000e+00 -1.500000e-03 0.000000e+00
      vertex 6.467184e-03 -1.500000e-03 2.101316e-03
      vertex 6.716281e-03 -1.500000e-03 1.063754e-03
    endloop
  endfacet
  facet normal 0.000000e+00 -1.000000e+00 0.000000e+00
    outer loop
      vertex 0.000000e+00 1.500000e-03 0.000000e+00
      vertex 6.716281e-03 1.500000e-03 1.063754e-03
      vertex 6.467184e-03 1.500000e-03 2.101316e-03
    endloop
  endfacet
  facet normal -9.238794e-01 0.000000e+00 -3.826838e-01
    outer loop
      vertex 6.467184e-03 -1.500000e-03 2.101316e-03
      vertex 6.058844e-03 -1.500000e-03 3.087135e-03
      vertex 6.058844e-03 1.500000e-03 3.087135e-03
    endloop
  endfacet
  facet normal -9.238794e-01 0.000000e+00 -3.826838e-01
    outer loop
      vertex 6.467184e-03 -1.500000e-03 2.101316e-03
      vertex 6.058844e-03 1.500000e-03 3.087135e-03
      vertex 6.467184e-03 1.500000e-03 2.101316e-03
    endloop
  endfacet
  facet normal 0.000000e+00 1.000000e+00 0.000000e+00
    outer loop
      vertex 0.000000e+00 -1.500000e-03 0.000000e+00
      vertex 6.058844e-03 -1.500000e-03 3.087135e-03
      vertex 6.467184e-03 -1.500000e-03 2.101316e-03
    endloop
  endfacet
  facet normal 0.000000e+00 -1.000000e+00 0.000000e+00
    outer loop
      vertex 0.000000e+00 1.500000e-03 0.000000e+00
      vertex 6.467184e-03 1.500000e-03 2.101316e-03
      vertex 6.058844e-03 1.500000e-03 3.087135e-03
    endloop
  endfacet
  facet normal -8.526407e-01 0.000000e+00 -5.224977e-01
    outer loop
      vertex 6.058844e-03 -1.500000e-03 3.087135e-03
      vertex 5.501316e-03 -1.500000e-03 3.996940e-03
      vertex 5.501316e-03 1.500000e-03 3.996940e-03
    endloop
  endfacet
  facet normal -8.526407e-01 0.000000e+00 -5.224977e-01
    outer loop
      vertex 6.058844e-03 -1.500000e-03 3.087135e-03
      vertex 5.501316e-03 1.500000e-03 3.996940e-03
      vertex 6.058844e-03 1.500000e-03 3.087135e-03
    endloop
  endfacet
  facet normal 0.000000e+00 1.000000e+00 0.000000e+00
    outer loop
      vertex 0.000000e+00 -1.500000e-03 0.000000e+00
      vertex 5.501316e-03 -1.500000e-03 3.996940e-03
      vertex 6.058844e-03 -1.500000e-03 3.087135e-03
    endloop
  endfacet
  facet normal 0.000000e+00 -1.000000e+00 0.000000e+00
    outer loop
      vertex 0.000000e+00 1.500000e-03 0.000000e+00
      vertex 6.058844e-03 1.500000e-03 3.087135e-03
      vertex 5.501316e-03 1.500000e-03 3.996940e-03
    endloop
  endfacet
  facet normal -7.604056e-01 0.000000e+00 -6.494485e-01
    outer loop
      vertex 5.501316e-03 -1.500000e-03 3.996940e-03
      vertex 4.808326e-03 -1.500000e-03 4.808326e-03
      vertex 4.808326e-03 1.500000e-03 4.808326e-03
    endloop
  endfacet
  facet normal -7.604056e-01 0.000000e+00 -6.494485e-01
    outer loop
      vertex 5.501316e-03 -1.500000e-03 3.996940e-03
      vertex 4.808326e-03 1.500000e-03 4.808326e-03
      vertex 5.501316e-03 1.500000e-03 3.996940e-03
    endloop
  endfacet
  facet normal 0.000000e+00 1.000000e+00 0.000000e+00
    outer loop
      vertex 0.000000e+00 -1.500000e-03 0.000000e+00
      vertex 4.808326e-03 -1.500000e-03 4.808326e-03
      vertex 5.501316e-03 -1.500000e-03 3.996940e-03
    endloop
  endfacet
  facet normal 0.000000e+00 -1.000000e+00 0.000000e+00
    outer loop
      vertex 0.000000e+00 1.500000e-03 0.000000e+00
      vertex 5.501316e-03 1.500000e-03 3.996940e-03
      vertex 4.808326e-03 1.500000e-03 4.808326e-03
    endloop
  endfacet
  facet normal -6.494485e-01 0.000000e+00 -7.604056e-01
    outer loop
      vertex 4.808326e-03 -1.500000e-03 4.808326e-03
      vertex 3.996940e-03 -1.500000e-03 5.501316e-03
      vertex 3.996940e-03 1.500000e-03 5.501316e-03
    endloop
  endfacet
  facet normal -6.494485e-01 0.000000e+00 -7.604056e-01
    outer loop
      vertex 4.808326e-03 -1.500000e-03 4.808326e-03
      vertex 3.996940e-03 1.500000e-03 5.501316e-03
      vertex 4.808326e-03 1.500000e-03 4.808326e-03
    endloop
  endfacet
  facet normal 0.000000e+00 1.000000e+00 0.000000e+00
    outer loop
      vertex 0.000000e+00 -1.500000e-03 0.000000e+00
      vertex 3.996940e-03 -1.500000e-03 5.501316e-03
      vertex 4.808326e-03 -1.500000e-03 4.808326e-03
    endloop
  endfacet
  facet normal 0.000000e+00 -1.000000e+00 0.000000e+00
    outer loop
      vertex 0.000000e+00 1.500000e-03 0.000000e+00
      vertex 4.808326e-03 1.500000e-03 4.808326e-03
      vertex 3.996940e-03 1.500000e-03 5.501316e-03
    endloop
  endfacet
  facet normal -5.224977e-01 0.000000e+00 -8.526407e-01
    outer loop
      vertex 3.996940e-03 -1.500000e-03 5.501316e-03
      vertex 3.087135e-03 -1.500000e-03 6.058844e-03
      vertex 3.087135e-03 1.500000e-03 6.058844e-03
    endloop
  endfacet
  facet normal -5.224977e-01 0.000000e+00 -8.526407e-01
    outer loop
      vertex 3.996940e-03 -1.500000e-03 5.501316e-03
      vertex 3.087135e-03 1.500000e-03 6.058844e-03
      vertex 3.996940e-03 1.500000e-03 5.501316e-03
    endloop
  endfacet
  facet normal 0.000000e+00 1.000000e+00 0.000000e+00
    outer loop
      vertex 0.000000e+00 -1.500000e-03 0.000000e+00
      vertex 3.087135e-03 -1.500000e-03 6.058844e-03
      vertex 3.996940e-03 -1.500000e-03 5.501316e-03
    endloop
  endfacet
  facet normal 0.000000e+00 -1.000000e+00 0.000000e+00
    outer loop
      vertex 0.000000e+00 1.500000e-03 0.000000e+00
      vertex 3.996940e-03 1.500000e-03 5.501316e-03
      vertex 3.087135e-03 1.500000e-03 6.058844e-03
    endloop
  endfacet
  facet normal -3.826838e-01 0.000000e+00 -9.238794e-01
    outer loop
      vertex 3.087135e-03 -1.500000e-03 6.058844e-03
      vertex 2.101316e-03 -1.500000e-03 6.467184e-03
      vertex 2.101316e-03 1.500000e-03 6.467184e-03
    endloop
  endfacet
  facet normal -3.826838e-01 0.000000e+00 -9.238794e-01
    outer loop
      vertex 3.087135e-03 -1.500000e-03 6.058844e-03
      vertex 2.101316e-03 1.500000e-03 6.467184e-03
      vertex 3.087135e-03 1.500000e-03 6.058844e-03
    endloop
  endfacet
  facet normal 0.000000e+00 1.000000e+00 0.000000e+00
    outer loop
      vertex 0.000000e+00 -1.500000e-03 0.000000e+00
      vertex 2.101316e-03 -1.500000e-03 6.467184e-03
      vertex 3.087135e-03 -1.500000e-03 6.058844e-03
    endloop
  endfacet
  facet normal 0.000000e+00 -1.000000e+00 0.000000e+00
    outer loop
      vertex 0.000000e+00 1.500000e-03 0.000000e+00
      vertex 3.087135e-03 1.500000e-03 6.058844e-03
      vertex 2.101316e-03 1.500000e-03 6.467184e-03
    endloop
  endfacet
  facet normal -2.334457e-01 0.000000e+00 -9.723698e-01
    outer loop
      vertex 2.101316e-03 -1.500000e-03 6.467184e-03
      vertex 1.063754e-03 -1.500000e-03 6.716281e-03
      vertex 1.063754e-03 1.500000e-03 6.716281e-03
    endloop
  endfacet
  facet normal -2.334457e-01 0.000000e+00 -9.723698e-01
    outer loop
      vertex 2.101316e-03 -1.500000e-03 6.467184e-03
      vertex 1.063754e-03 1.500000e-03 6.716281e-03
      vertex 2.101316e-03 1.500000e-03 6.467184e-03
    endloop
  endfacet
  facet normal 0.000000e+00 1.000000e+00 0.000000e+00
    outer loop
      vertex 0.000000e+00 -1.500000e-03 0.000000e+00
      vertex 1.063754e-03 -1.500000e-03 6.716281e-03
      vertex 2.101316e-03 -1.500000e-03 6.467184e-03
    endloop
  endfacet
  facet normal 0.000000e+00 -1.000000e+00 0.000000e+00
    outer loop
      vertex 0.000000e+00 1.500000e-03 0.000000e+00
      vertex 2.101316e-03 1.500000e-03 6.467184e-03
      vertex 1.063754e-03 1.500000e-03 6.716281e-03
    endloop
  endfacet
  facet normal -7.845886e-02 0.000000e+00 -9.969174e-01
    outer loop
      vertex 1.063754e-03 -1.500000e-03 6.716281e-03
      vertex 4.163799e-19 -1.500000e-03 6.800000e-03
      vertex 4.163799e-19 1.500000e-03 6.800000e-03
    endloop
  endfacet
  facet normal -7.845886e-02 0.000000e+00 -9.969174e-01
    outer loop
      vertex 1.063754e-03 -1.500000e-03 6.716281e-03
      vertex 4.163799e-19 1.500000e-03 6.800000e-03
      vertex 1.063754e-03 1.500000e-03 6.716281e-03
    endloop
  endfacet
  facet normal 0.000000e+00 1.000000e+00 0.000000e+00
    outer loop
      vertex 0.000000e+00 -1.500000e-03 0.000000e+00
      vertex 4.163799e-19 -1.500000e-03 6.800000e-03
      vertex 1.063754e-03 -1.500000e-03 6.716281e-03
    endloop
  endfacet
  facet normal 0.000000e+00 -1.000000e+00 0.000000e+00
    outer loop
      vertex 0.000000e+00 1.500000e-03 0.000000e+00
      vertex 1.063754e-03 1.500000e-03 6.716281e-03
      vertex 4.163799e-19 1.500000e-03 6.800000e-03
    endloop
  endfacet
  facet normal 7.845886e-02 0.000000e+00 -9.969174e-01
    outer loop
      vertex 4.163799e-19 -1.500000e-03 6.800000e-03
      vertex -1.063754e-03 -1.500000e-03 6.716281e-03
      vertex -1.063754e-03 1.500000e-03 6.716281e-03
    endloop
  endfacet
  facet normal 7.845886e-02 0.000000e+00 -9.969174e-01
    outer loop
      vertex 4.163799e-19 -1.500000e-03 6.800000e-03
      vertex -1.063754e-03 1.500000e-03 6.716281e-03
      vertex 4.163799e-19 1.500000e-03 6.800000e-03
    endloop
  endfacet
  facet normal 0.000000e+00 1.000000e+00 -0.000000e+00
    outer loop
      vertex 0.000000e+00 -1.500000e-03 0.000000e+00
      vertex -1.063754e-03 -1.500000e-03 6.716281e-03
      vertex 4.163799e-19 -1.500000e-03 6.800000e-03
    endloop
  endfacet
  facet normal 0.000000e+00 -1.000000e+00 0.000000e+00
    outer loop
      vertex 0.000000e+00 1.500000e-03 0.000000e+00
      vertex 4.163799e-19 1.500000e-03 6.800000e-03
      vertex -1.063754e-03 1.500000e-03 6.716281e-03
    endloop
  endfacet
  facet normal 2.334457e-01 0.000000e+00 -9.723698e-01
    outer loop
      vertex -1.063754e-03 -1.500000e-03 6.716281e-03
      vertex -2.101316e-03 -1.500000e-03 6.467184e-03
      vertex -2.101316e-03 1.500000e-03 6.467184e-03
    endloop
  endfacet
  facet normal 2.334457e-01 0.000000e+00 -9.723698e-01
    outer loop
      vertex -1.063754e-03 -1.500000e-03 6.716281e-03
      vertex -2.101316e-03 1.500000e-03 6.467184e-03
      vertex -1.063754e-03 1.500000e-03 6.716281e-03
    endloop
  endfacet
  facet normal 0.000000e+00 1.000000e+00 0.000000e+00
    outer loop
      vertex 0.000000e+00 -1.500000e-03 0.000000e+00
      vertex -2.101316e-03 -1.500000e-03 6.467184e-03
      vertex -1.063754e-03 -1.500000e-03 6.716281e-03
    endloop
  endfacet
  facet normal 0.000000e+00 -1.000000e+00 0.000000e+00
    outer loop
      vertex 0.000000e+00 1.500000e-03 0.000000e+00
      vertex -1.063754e-03 1.500000e-03 6.716281e-03
      vertex -2.101316e-03 1.500000e-03 6.467184e-03
    endloop
  endfacet
  facet normal 3.826838e-01 0.000000e+00 -9.238794e-01
    outer loop
      vertex -2.101316e-03 -1.500000e-03 6.467184e-03
      vertex -3.087135e-03 -1.500000e-03 6.058844e-03
      vertex -3.087135e-03 1.500000e-03 6.058844e-03
    endloop
  endfacet
  facet normal 3.826838e-01 0.000000e+00 -9.238794e-01
    outer loop
      vertex -2.101316e-03 -1.500000e-03 6.467184e-03
      vertex -3.087135e-03 1.500000e-03 6.058844e-03
      vertex -2.101316e-03 1.500000e-03 6.467184e-03
    endloop
  endfacet
  facet normal 0.000000e+00 1.000000e+00 0.000000e+00
    outer loop
      vertex 0.000000e+00 -1.500000e-03 0.000000e+00
      vertex -3.087135e-03 -1.500000e-03 6.058844e-03
      vertex -2.101316e-03 -1.500000e-03 6.467184e-03
    endloop
  endfacet
  facet normal 0.000000e+00 -1.000000e+00 0.000000e+00
    outer loop
      vertex 0.000000e+00 1.500000e-03 0.000000e+00
      vertex -2.101316e-03 1.500000e-03 6.467184e-03
      vertex -3.087135e-03 1.500000e-03 6.058844e-03
    endloop
  endfacet
  facet normal 5.224977e-01 0.000000e+00 -8.526407e-01
    outer loop
      vertex -3.087135e-03 -1.500000e-03 6.058844e-03
      vertex -3.996940e-03 -1.500000e-03 5.501316e-03
      vertex -3.996940e-03 1.500000e-03 5.501316e-03
    endloop
  endfacet
  facet normal 5.224977e-01 0.000000e+00 -8.526407e-01
    outer loop
      vertex -3.087135e-03 -1.500000e-03 6.058844e-03
      vertex -3.996940e-03 1.500000e-03 5.501316e-03
      vertex -3.087135e-03 1.500000e-03 6.058844e-03
    endloop
  endfacet
  facet normal 0.000000e+00 1.000000e+00 0.000000e+00
    outer loop
      vertex 0.000000e+00 -1.500000e-03 0.000000e+00
      vertex -3.996940e-03 -1.500000e-03 5.501316e-03
      vertex -3.087135e-03 -1.500000e-03 6.058844e-03
    endloop
  endfacet
  facet normal 0.000000e+00 -1.000000e+00 0.000000e+00
    outer loop
      vertex 0.000000e+00 1.500000e-03 0.000000e+00
      vertex -3.087135e-03 1.500000e-03 6.058844e-03
      vertex -3.996940e-03 1.500000e-03 5.501316e-03
    endloop
  endfacet
  facet normal 6.494485e-01 0.000000e+00 -7.604056e-01
    outer loop
      vertex -3.996940e-03 -1.500000e-03 5.501316e-03
      vertex -4.808326e-03 -1.500000e-03 4.808326e-03
      vertex -4.808326e-03 1.500000e-03 4.808326e-03
    endloop
  endfacet
  facet normal 6.494485e-01 0.000000e+00 -7.604056e-01
    outer loop
      vertex -3.996940e-03 -1.500000e-03 5.501316e-03
      vertex -4.808326e-03 1.500000e-03 4.808326e-03
      vertex -3.996940e-03 1.500000e-03 5.501316e-03
    endloop
  endfacet
  facet normal 0.000000e+00 1.000000e+00 0.000000e+00
    outer loop
      vertex 0.000000e+00 -1.500000e-03 0.000000e+00
      vertex -4.808326e-03 -1.500000e-03 4.808326e-03
      vertex -3.996940e-03 -1.500000e-03 5.501316e-03
    endloop
  endfacet
  facet normal 0.000000e+00 -1.000000e+00 0.000000e+00
    outer loop
      vertex 0.000000e+00 1.500000e-03 0.000000e+00
      vertex -3.996940e-03 1.500000e-03 5.501316e-03
      vertex -4.808326e-03 1.500000e-03 4.808326e-03
    endloop
  endfacet
  facet normal 7.604056e-01 0.000000e+00 -6.494485e-01
    outer loop
      vertex -4.808326e-03 -1.500000e-03 4.808326e-03
      vertex -5.501316e-03 -1.500000e-03 3.996940e-03
      vertex -5.501316e-03 1.500000e-03 3.996940e-03
    endloop
  endfacet
  facet normal 7.604056e-01 0.000000e+00 -6.494485e-01
    outer loop
      vertex -4.808326e-03 -1.500000e-03 4.808326e-03
      vertex -5.501316e-03 1.500000e-03 3.996940e-03
      vertex -4.808326e-03 1.500000e-03 4.808326e-03
    endloop
  endfacet
  facet normal 0.000000e+00 1.000000e+00 0.000000e+00
    outer loop
      vertex 0.000000e+00 -1.500000e-03 0.000000e+00
      vertex -5.501316e-03 -1.500000e-03 3.996940e-03
      vertex -4.808326e-03 -1.500000e-03 4.808326e-03
    endloop
  endfacet
  facet normal 0.000000e+00 -1.000000e+00 0.000000e+00
    outer loop
      vertex 0.000000e+00 1.500000e-03 0.000000e+00
      vertex -4.808326e-03 1.500000e-03 4.808326e-03
      vertex -5.501316e-03 1.500000e-03 3.996940e-03
    endloop
  endfacet
  facet normal 8.526407e-01 0.000000e+00 -5.224977e-01
    outer loop
      vertex -5.501316e-03 -1.500000e-03 3.996940e-03
      vertex -6.058844e-03 -1.500000e-03 3.087135e-03
      vertex -6.058844e-03 1.500000e-03 3.087135e-03
    endloop
  endfacet
  facet normal 8.526407e-01 0.000000e+00 -5.224977e-01
    outer loop
      vertex -5.501316e-03 -1.500000e-03 3.996940e-03
      vertex -6.058844e-03 1.500000e-03 3.087135e-03
      vertex -5.501316e-03 1.500000e-03 3.996940e-03
    endloop
  endfacet
  facet normal 0.000000e+00 1.000000e+00 0.000000e+00
    outer loop
      vertex 0.000000e+00 -1.500000e-03 0.000000e+00
      vertex -6.058844e-03 -1.500000e-03 3.087135e-03
      vertex -5.501316e-03 -1.500000e-03 3.996940e-03
    endloop
  endfacet
  facet normal 0.000000e+00 -1.000000e+00 0.000000e+00
    outer loop
      vertex 0.000000e+00 1.500000e-03 0.000000e+00
      vertex -5.501316e-03 1.500000e-03 3.996940e-03
      vertex -6.058844e-03 1.500000e-03 3.087135e-03
    endloop
  endfacet
  facet normal 9.238794e-01 0.000000e+00 -3.826838e-01
    outer loop
      vertex -6.058844e-03 -1.500000e-03 3.087135e-03
      vertex -6.467184e-03 -1.500000e-03 2.101316e-03
      vertex -6.467184e-03 1.500000e-03 2.101316e-03
    endloop
  endfacet
  facet normal 9.238794e-01 0.000000e+00 -3.826838e-01
    outer loop
      vertex -6.058844e-03 -1.500000e-03 3.087135e-03
      vertex -6.467184e-03 1.500000e-03 2.101316e-03
      vertex -6.058844e-03 1.500000e-03 3.087135e-03
    endloop
  endfacet
  facet normal 0.000000e+00 1.000000e+00 0.000000e+00
    outer loop
      vertex 0.000000e+00 -1.500000e-03 0.000000e+00
      vertex -6.467184e-03 -1.500000e-03 2.101316e-03
      vertex -6.058844e-03 -1.500000e-03 3.087135e-03
    endloop
  endfacet
  facet normal 0.000000e+00 -1.000000e+00 0.000000e+00
    outer loop
      vertex 0.000000e+00 1.500000e-03 0.000000e+00
      vertex -6.058844e-03 1.500000e-03 3.087135e-03
      vertex -6.467184e-03 1.500000e-03 2.101316e-03
    endloop
  endfacet
  facet normal 9.723698e-01 0.000000e+00 -2.334457e-01
    outer loop
      vertex -6.467184e-03 -1.500000e-03 2.101316e-03
      vertex -6.716281e-03 -1.500000e-03 1.063754e-03
      vertex -6.716281e-03 1.500000e-03 1.063754e-03
    endloop
  endfacet
  facet normal 9.723698e-01 0.000000e+00 -2.334457e-01
    outer loop
      vertex -6.467184e-03 -1.500000e-03 2.101316e-03
      vertex -6.716281e-03 1.500000e-03 1.063754e-03
      vertex -6.467184e-03 1.500000e-03 2.101316e-03
    endloop
  endfacet
  facet normal 0.000000e+00 1.000000e+00 0.000000e+00
    outer loop
      vertex 0.000000e+00 -1.500000e-03 0.000000e+00
      vertex -6.716281e-03 -1.500000e-03 1.063754e-03
      vertex -6.467184e-03 -1.500000e-03 2.101316e-03
    endloop
  endfacet
  facet normal 0.000000e+00 -1.000000e+00 0.000000e+00
    outer loop
      vertex 0.000000e+00 1.500000e-03 0.000000e+00
      vertex -6.467184e-03 1.500000e-03 2.101316e-03
      vertex -6.716281e-03 1.500000e-03 1.063754e-03
    endloop
  endfacet
  facet normal 9.969174e-01 0.000000e+00 -7.845886e-02
    outer loop
      vertex -6.716281e-03 -1.500000e-03 1.063754e-03
      vertex -6.800000e-03 -1.500000e-03 8.327598e-19
      vertex -6.800000e-03 1.500000e-03 8.327598e-19
    endloop
  endfacet
  facet normal 9.969174e-01 0.000000e+00 -7.845886e-02
    outer loop
      vertex -6.716281e-03 -1.500000e-03 1.063754e-03
      vertex -6.800000e-03 1.500000e-03 8.327598e-19
      vertex -6.716281e-03 1.500000e-03 1.063754e-03
    endloop
  endfacet
  facet normal 0.000000e+00 1.000000e+00 0.000000e+00
    outer loop
      vertex 0.000000e+00 -1.500000e-03 0.000000e+00
      vertex -6.800000e-03 -1.500000e-03 8.327598e-19
      vertex -6.716281e-03 -1.500000e-03 1.063754e-03
    endloop
  endfacet
  facet normal 0.000000e+00 -1.000000e+00 0.000000e+00
    outer loop
      vertex 0.000000e+00 1.500000e-03 0.000000e+00
      vertex -6.716281e-03 1.500000e-03 1.063754e-03
      vertex -6.800000e-03 1.500000e-03 8.327598e-19
    endloop
  endfacet
  facet normal 9.969174e-01 0.000000e+00 7.845886e-02
    outer loop
      vertex -6.800000e-03 -1.500000e-03 8.327598e-19
      vertex -6.716281e-03 -1.500000e-03 -1.063754e-03
      vertex -6.716281e-03 1.500000e-03 -1.063754e-03
    endloop
  endfacet
  facet normal 9.969174e-01 -0.000000e+00 7.845886e-02
    outer loop
      vertex -6.800000e-03 -1.500000e-03 8.327598e-19
      vertex -6.716281e-03 1.500000e-03 -1.063754e-03
      vertex -6.800000e-03 1.500000e-03 8.327598e-19
    endloop
  endfacet
  facet normal 0.000000e+00 1.000000e+00 0.000000e+00
    outer loop
      vertex 0.000000e+00 -1.500000e-03 0.000000e+00
      vertex -6.716281e-03 -1.500000e-03 -1.063754e-03
      vertex -6.800000e-03 -1.500000e-03 8.327598e-19
    endloop
  endfacet
  facet normal -0.000000e+00 -1.000000e+00 0.000000e+00
    outer loop
      vertex 0.000000e+00 1.500000e-03 0.000000e+00
      vertex -6.800000e-03 1.500000e-03 8.327598e-19
      vertex -6.716281e-03 1.500000e-03 -1.063754e-03
    endloop
  endfacet
  facet normal 9.723698e-01 0.000000e+00 2.334457e-01
    outer loop
      vertex -6.716281e-03 -1.500000e-03 -1.063754e-03
      vertex -6.467184e-03 -1.500000e-03 -2.101316e-03
      vertex -6.467184e-03 1.500000e-03 -2.101316e-03
    endloop
  endfacet
  facet normal 9.723698e-01 -0.000000e+00 2.334457e-01
    outer loop
      vertex -6.716281e-03 -1.500000e-03 -1.063754e-03
      vertex -6.467184e-03 1.500000e-03 -2.101316e-03
      vertex -6.716281e-03 1.500000e-03 -1.063754e-03
    endloop
  endfacet
  facet normal 0.000000e+00 1.000000e+00 0.000000e+00
    outer loop
      vertex 0.000000e+00 -1.500000e-03 0.000000e+00
      vertex -6.467184e-03 -1.500000e-03 -2.101316e-03
      vertex -6.716281e-03 -1.500000e-03 -1.063754e-03
    endloop
  endfacet
  facet normal 0.000000e+00 -1.000000e+00 0.000000e+00
    outer loop
      vertex 0.000000e+00 1.500000e-03 0.000000e+00
      vertex -6.716281e-03 1.500000e-03 -1.063754e-03
      vertex -6.467184e-03 1.500000e-03 -2.101316e-03
    endloop
  endfacet
  facet normal 9.238794e-01 0.000000e+00 3.826838e-01
    outer loop
      vertex -6.467184e-03 -1.500000e-03 -2.101316e-03
      vertex -6.058844e-03 -1.500000e-03 -3.087135e-03
      vertex -6.058844e-03 1.500000e-03 -3.087135e-03
    endloop
  endfacet
  facet normal 9.238794e-01 -0.000000e+00 3.826838e-01
    outer loop
      vertex -6.467184e-03 -1.500000e-03 -2.101316e-03
      vertex -6.058844e-03 1.500000e-03 -3.087135e-03
      vertex -6.467184e-03 1.500000e-03 -2.101316e-03
    endloop
  endfacet
  facet normal 0.000000e+00 1.000000e+00 0.000000e+00
    outer loop
      vertex 0.000000e+00 -1.500000e-03 0.000000e+00
      vertex -6.058844e-03 -1.500000e-03 -3.087135e-03
      vertex -6.467184e-03 -1.500000e-03 -2.101316e-03
    endloop
  endfacet
  facet normal 0.000000e+00 -1.000000e+00 0.000000e+00
    outer loop
      vertex 0.000000e+00 1.500000e-03 0.000000e+00
      vertex -6.467184e-03 1.500000e-03 -2.101316e-03
      vertex -6.058844e-03 1.500000e-03 -3.087135e-03
    endloop
  endfacet
  facet normal 8.526407e-01 0.000000e+00 5.224977e-01
    outer loop
      vertex -6.058844e-03 -1.500000e-03 -3.087135e-03
      vertex -5.501316e-03 -1.500000e-03 -3.996940e-03
      vertex -5.501316e-03 1.500000e-03 -3.996940e-03
    endloop
  endfacet
  facet normal 8.526407e-01 -0.000000e+00 5.224977e-01
    outer loop
      vertex -6.058844e-03 -1.500000e-03 -3.087135e-03
      vertex -5.501316e-03 1.500000e-03 -3.996940e-03
      vertex -6.058844e-03 1.500000e-03 -3.087135e-03
    endloop
  endfacet
  facet normal 0.000000e+00 1.000000e+00 0.000000e+00
    outer loop
      vertex 0.000000e+00 -1.500000e-03 0.000000e+00
      vertex -5.501316e-03 -1.500000e-03 -3.996940e-03
      vertex -6.058844e-03 -1.500000e-03 -3.087135e-03
    endloop
  endfacet
  facet normal 0.000000e+00 -1.000000e+00 0.000000e+00
    outer loop
      vertex 0.000000e+00 1.500000e-03 0.000000e+00
      vertex -6.058844e-03 1.500000e-03 -3.087135e-03
      vertex -5.501316e-03 1.500000e-03 -3.996940e-03
    endloop
  endfacet
  facet normal 7.604056e-01 0.000000e+00 6.494485e-01
    outer loop
      vertex -5.501316e-03 -1.500000e-03 -3.996940e-03
      vertex -4.808326e-03 -1.500000e-03 -4.808326e-03
      vertex -4.808326e-03 1.500000e-03 -4.808326e-03
    endloop
  endfacet
  facet normal 7.604056e-01 -0.000000e+00 6.494485e-01
    outer loop
      vertex -5.501316e-03 -1.500000e-03 -3.996940e-03
      vertex -4.808326e-03 1.500000e-03 -4.808326e-03
      vertex -5.501316e-03 1.500000e-03 -3.996940e-03
    endloop
  endfacet
  facet normal 0.000000e+00 1.000000e+00 0.000000e+00
    outer loop
      vertex 0.000000e+00 -1.500000e-03 0.000000e+00
      vertex -4.808326e-03 -1.500000e-03 -4.808326e-03
      vertex -5.501316e-03 -1.500000e-03 -3.996940e-03
    endloop
  endfacet
  facet normal 0.000000e+00 -1.000000e+00 0.000000e+00
    outer loop
      vertex 0.000000e+00 1.500000e-03 0.000000e+00
      vertex -5.501316e-03 1.500000e-03 -3.996940e-03
      vertex -4.808326e-03 1.500000e-03 -4.808326e-03
    endloop
  endfacet
  facet normal 6.494485e-01 0.000000e+00 7.604056e-01
    outer loop
      vertex -4.808326e-03 -1.500000e-03 -4.808326e-03
      vertex -3.996940e-03 -1.500000e-03 -5.501316e-03
      vertex -3.996940e-03 1.500000e-03 -5.501316e-03
    endloop
  endfacet
  facet normal 6.494485e-01 -0.000000e+00 7.604056e-01
    outer loop
      vertex -4.808326e-03 -1.500000e-03 -4.808326e-03
      vertex -3.996940e-03 1.500000e-03 -5.501316e-03
      vertex -4.808326e-03 1.500000e-03 -4.808326e-03
    endloop
  endfacet
  facet normal 0.000000e+00 1.000000e+00 0.000000e+00
    outer loop
      vertex 0.000000e+00 -1.500000e-03 0.000000e+00
      vertex -3.996940e-03 -1.500000e-03 -5.501316e-03
      vertex -4.808326e-03 -1.500000e-03 -4.808326e-03
    endloop
  endfacet
  facet normal 0.000000e+00 -1.000000e+00 0.000000e+00
    outer loop
      vertex 0.000000e+00 1.500000e-03 0.000000e+00
      vertex -4.808326e-03 1.500000e-03 -4.808326e-03
      vertex -3.996940e-03 1.500000e-03 -5.501316e-03
    endloop
  endfacet
  facet normal 5.224977e-01 0.000000e+00 8.526407e-01
    outer loop
      vertex -3.996940e-03 -1.500000e-03 -5.501316e-03
      vertex -3.087135e-03 -1.500000e-03 -6.058844e-03
      vertex -3.087135e-03 1.500000e-03 -6.058844e-03
    endloop
  endfacet
  facet normal 5.224977e-01 -0.000000e+00 8.526407e-01
    outer loop
      vertex -3.996940e-03 -1.500000e-03 -5.501316e-03
      vertex -3.087135e-03 1.500000e-03 -6.058844e-03
      vertex -3.996940e-03 1.500000e-03 -5.501316e-03
    endloop
  endfacet
  facet normal 0.000000e+00 1.000000e+00 0.000000e+00
    outer loop
      vertex 0.000000e+00 -1.500000e-03 0.000000e+00
      vertex -3.087135e-03 -1.500000e-03 -6.058844e-03
      vertex -3.996940e-03 -1.500000e-03 -5.501316e-03
    endloop
  endfacet
  facet normal 0.000000e+00 -1.000000e+00 0.000000e+00
    outer loop
      vertex 0.000000e+00 1.500000e-03 0.000000e+00
      vertex -3.996940e-03 1.500000e-03 -5.501316e-03
      vertex -3.087135e-03 1.500000e-03 -6.058844e-03
    endloop
  endfacet
  facet normal 3.826838e-01 0.000000e+00 9.238794e-01
    outer loop
      vertex -3.087135e-03 -1.500000e-03 -6.058844e-03
      vertex -2.101316e-03 -1.500000e-03 -6.467184e-03
      vertex -2.101316e-03 1.500000e-03 -6.467184e-03
    endloop
  endfacet
  facet normal 3.826838e-01 -0.000000e+00 9.238794e-01
    outer loop
      vertex -3.087135e-03 -1.500000e-03 -6.058844e-03
      vertex -2.101316e-03 1.500000e-03 -6.467184e-03
      vertex -3.087135e-03 1.500000e-03 -6.058844e-03
    endloop
  endfacet
  facet normal 0.000000e+00 1.000000e+00 0.000000e+00
    outer loop
      vertex 0.000000e+00 -1.500000e-03 0.000000e+00
      vertex -2.101316e-03 -1.500000e-03 -6.467184e-03
      vertex -3.087135e-03 -1.500000e-03 -6.058844e-03
    endloop
  endfacet
  facet normal 0.000000e+00 -1.000000e+00 0.000000e+00
    outer loop
      vertex 0.000000e+00 1.500000e-03 0.000000e+00
      vertex -3.087135e-03 1.500000e-03 -6.058844e-03
      vertex -2.101316e-03 1.500000e-03 -6.467184e-03
    endloop
  endfacet
  facet normal 2.334457e-01 0.000000e+00 9.723698e-01
    outer loop
      vertex -2.101316e-03 -1.500000e-03 -6.467184e-03
      vertex -1.063754e-03 -1.500000e-03 -6.716281e-03
      vertex -1.063754e-03 1.500000e-03 -6.716281e-03
    endloop
  endfacet
  facet normal 2.334457e-01 -0.000000e+00 9.723698e-01
    outer loop
      vertex -2.101316e-03 -1.500000e-03 -6.467184e-03
      vertex -1.063754e-03 1.500000e-03 -6.716281e-03
      vertex -2.101316e-03 1.500000e-03 -6.467184e-03
    endloop
  endfacet
  facet normal 0.000000e+00 1.000000e+00 0.000000e+00
    outer loop
      vertex 0.000000e+00 -1.500000e-03 0.000000e+00
      vertex -1.063754e-03 -1.500000e-03 -6.716281e-03
      vertex -2.101316e-03 -1.500000e-03 -6.467184e-03
    endloop
  endfacet
  facet normal 0.000000e+00 -1.000000e+00 0.000000e+00
    outer loop
      vertex 0.000000e+00 1.500000e-03 0.000000e+00
      vertex -2.101316e-03 1.500000e-03 -6.467184e-03
      vertex -1.063754e-03 1.500000e-03 -6.716281e-03
    endloop
  endfacet
  facet normal 7.845886e-02 0.000000e+00 9.969174e-01
    outer loop
      vertex -1.063754e-03 -1.500000e-03 -6.716281e-03
      vertex -1.249140e-18 -1.500000e-03 -6.800000e-03
      vertex -1.249140e-18 1.500000e-03 -6.800000e-03
    endloop
  endfacet
  facet normal 7.845886e-02 -0.000000e+00 9.969174e-01
    outer loop
      vertex -1.063754e-03 -1.500000e-03 -6.716281e-03
      vertex -1.249140e-18 1.500000e-03 -6.800000e-03
      vertex -1.063754e-03 1.500000e-03 -6.716281e-03
    endloop
  endfacet
  facet normal 0.000000e+00 1.000000e+00 0.000000e+00
    outer loop
      vertex 0.000000e+00 -1.500000e-03 0.000000e+00
      vertex -1.249140e-18 -1.500000e-03 -6.800000e-03
      vertex -1.063754e-03 -1.500000e-03 -6.716281e-03
    endloop
  endfacet
  facet normal 0.000000e+00 -1.000000e+00 0.000000e+00
    outer loop
      vertex 0.000000e+00 1.500000e-03 0.000000e+00
      vertex -1.063754e-03 1.500000e-03 -6.716281e-03
      vertex -1.249140e-18 1.500000e-03 -6.800000e-03
    endloop
  endfacet
  facet normal -7.845886e-02 0.000000e+00 9.969174e-01
    outer loop
      vertex -1.249140e-18 -1.500000e-03 -6.800000e-03
      vertex 1.063754e-03 -1.500000e-03 -6.716281e-03
      vertex 1.063754e-03 1.500000e-03 -6.716281e-03
    endloop
  endfacet
  facet normal -7.845886e-02 0.000000e+00 9.969174e-01
    outer loop
      vertex -1.249140e-18 -1.500000e-03 -6.800000e-03
      vertex 1.063754e-03 1.500000e-03 -6.716281e-03
      vertex -1.249140e-18 1.500000e-03 -6.800000e-03
    endloop
  endfacet
  facet normal 0.000000e+00 1.000000e+00 0.000000e+00
    outer loop
      vertex 0.000000e+00 -1.500000e-03 0.000000e+00
      vertex 1.063754e-03 -1.500000e-03 -6.716281e-03
      vertex -1.249140e-18 -1.500000e-03 -6.800000e-03
    endloop
  endfacet
  facet normal 0.000000e+00 -1.000000e+00 -0.000000e+00
    outer loop
      vertex 0.000000e+00 1.500000e-03 0.000000e+00
      vertex -1.249140e-18 1.500000e-03 -6.800000e-03
      vertex 1.063754e-03 1.500000e-03 -6.716281e-03
    endloop
  endfacet
  facet normal -2.334457e-01 0.000000e+00 9.723698e-01
    outer loop
      vertex 1.063754e-03 -1.500000e-03 -6.716281e-03
      vertex 2.101316e-03 -1.500000e-03 -6.467184e-03
      vertex 2.101316e-03 1.500000e-03 -6.467184e-03
    endloop
  endfacet
  facet normal -2.334457e-01 0.000000e+00 9.723698e-01
    outer loop
      vertex 1.063754e-03 -1.500000e-03 -6.716281e-03
      vertex 2.101316e-03 1.500000e-03 -6.467184e-03
      vertex 1.063754e-03 1.500000e-03 -6.716281e-03
    endloop
  endfacet
  facet normal 0.000000e+00 1.000000e+00 0.000000e+00
    outer loop
      vertex 0.000000e+00 -1.500000e-03 0.000000e+00
      vertex 2.101316e-03 -1.500000e-03 -6.467184e-03
      vertex 1.063754e-03 -1.500000e-03 -6.716281e-03
    endloop
  endfacet
  facet normal 0.000000e+00 -1.000000e+00 0.000000e+00
    outer loop
      vertex 0.000000e+00 1.500000e-03 0.000000e+00
      vertex 1.063754e-03 1.500000e-03 -6.716281e-03
      vertex 2.101316e-03 1.500000e-03 -6.467184e-03
    endloop
  endfacet
  facet normal -3.826838e-01 0.000000e+00 9.238794e-01
    outer loop
      vertex 2.101316e-03 -1.500000e-03 -6.467184e-03
      vertex 3.087135e-03 -1.500000e-03 -6.058844e-03
      vertex 3.087135e-03 1.500000e-03 -6.058844e-03
    endloop
  endfacet
  facet normal -3.826838e-01 0.000000e+00 9.238794e-01
    outer loop
      vertex 2.101316e-03 -1.500000e-03 -6.467184e-03
      vertex 3.087135e-03 1.500000e-03 -6.058844e-03
      vertex 2.101316e-03 1.500000e-03 -6.467184e-03
    endloop
  endfacet
  facet normal 0.000000e+00 1.000000e+00 0.000000e+00
    outer loop
      vertex 0.000000e+00 -1.500000e-03 0.000000e+00
      vertex 3.087135e-03 -1.500000e-03 -6.058844e-03
      vertex 2.101316e-03 -1.500000e-03 -6.467184e-03
    endloop
  endfacet
  facet normal 0.000000e+00 -1.000000e+00 0.000000e+00
    outer loop
      vertex 0.000000e+00 1.500000e-03 0.000000e+00
      vertex 2.101316e-03 1.500000e-03 -6.467184e-03
      vertex 3.087135e-03 1.500000e-03 -6.058844e-03
    endloop
  endfacet
  facet normal -5.224977e-01 0.000000e+00 8.526407e-01
    outer loop
      vertex 3.087135e-03 -1.500000e-03 -6.058844e-03
      vertex 3.996940e-03 -1.500000e-03 -5.501316e-03
      vertex 3.996940e-03 1.500000e-03 -5.501316e-03
    endloop
  endfacet
  facet normal -5.224977e-01 0.000000e+00 8.526407e-01
    outer loop
      vertex 3.087135e-03 -1.500000e-03 -6.058844e-03
      vertex 3.996940e-03 1.500000e-03 -5.501316e-03
      vertex 3.087135e-03 1.500000e-03 -6.058844e-03
    endloop
  endfacet
  facet normal 0.000000e+00 1.000000e+00 0.000000e+00
    outer loop
      vertex 0.000000e+00 -1.500000e-03 0.000000e+00
      vertex 3.996940e-03 -1.500000e-03 -5.501316e-03
      vertex 3.087135e-03 -1.500000e-03 -6.058844e-03
    endloop
  endfacet
  facet normal 0.000000e+00 -1.000000e+00 0.000000e+00
    outer loop
      vertex 0.000000e+00 1.500000e-03 0.000000e+00
      vertex 3.087135e-03 1.500000e-03 -6.058844e-03
      vertex 3.996940e-03 1.500000e-03 -5.501316e-03
    endloop
  endfacet
  facet normal -6.494485e-01 0.000000e+00 7.604056e-01
    outer loop
      vertex 3.996940e-03 -1.500000e-03 -5.501316e-03
      vertex 4.808326e-03 -1.500000e-03 -4.808326e-03
      vertex 4.808326e-03 1.500000e-03 -4.808326e-03
    endloop
  endfacet
  facet normal -6.494485e-01 0.000000e+00 7.604056e-01
    outer loop
      vertex 3.996940e-03 -1.500000e-03 -5.501316e-03
      vertex 4.808326e-03 1.500000e-03 -4.808326e-03
      vertex 3.996940e-03 1.500000e-03 -5.501316e-03
    endloop
  endfacet
  facet normal 0.000000e+00 1.000000e+00 0.000000e+00
    outer loop
      vertex 0.000000e+00 -1.500000e-03 0.000000e+00
      vertex 4.808326e-03 -1.500000e-03 -4.808326e-03
      vertex 3.996940e-03 -1.500000e-03 -5.501316e-03
    endloop
  endfacet
  facet normal 0.000000e+00 -1.000000e+00 0.000000e+00
    outer loop
      vertex 0.000000e+00 1.500000e-03 0.000000e+00
      vertex 3.996940e-03 1.500000e-03 -5.501316e-03
      vertex 4.808326e-03 1.500000e-03 -4.808326e-03
    endloop
  endfacet
  facet normal -7.604056e-01 0.000000e+00 6.494485e-01
    outer loop
      vertex 4.808326e-03 -1.500000e-03 -4.808326e-03
      vertex 5.501316e-03 -1.500000e-03 -3.996940e-03
      vertex 5.501316e-03 1.500000e-03 -3.996940e-03
    endloop
  endfacet
  facet normal -7.604056e-01 0.000000e+00 6.494485e-01
    outer loop
      vertex 4.808326e-03 -1.500000e-03 -4.808326e-03
      vertex 5.501316e-03 1.500000e-03 -3.996940e-03
      vertex 4.808326e-03 1.500000e-03 -4.808326e-03
    endloop
  endfacet
  facet normal 0.000000e+00 1.000000e+00 0.000000e+00
    outer loop
      vertex 0.000000e+00 -1.500000e-03 0.000000e+00
      vertex 5.501316e-03 -1.500000e-03 -3.996940e-03
      vertex 4.808326e-03 -1.500000e-03 -4.808326e-03
    endloop
  endfacet
  facet normal 0.000000e+00 -1.000000e+00 0.000000e+00
    outer loop
      vertex 0.000000e+00 1.500000e-03 0.000000e+00
      vertex 4.808326e-03 1.500000e-03 -4.808326e-03
      vertex 5.501316e-03 1.500000e-03 -3.996940e-03
    endloop
  endfacet
  facet normal -8.526407e-01 0.000000e+00 5.224977e-01
    outer loop
      vertex 5.501316e-03 -1.500000e-03 -3.996940e-03
      vertex 6.058844e-03 -1.500000e-03 -3.087135e-03
      vertex 6.058844e-03 1.500000e-03 -3.087135e-03
    endloop
  endfacet
  facet normal -8.526407e-01 0.000000e+00 5.224977e-01
    outer loop
      vertex 5.501316e-03 -1.500000e-03 -3.996940e-03
      vertex 6.058844e-03 1.500000e-03 -3.087135e-03
      vertex 5.501316e-03 1.500000e-03 -3.996940e-03
    endloop
  endfacet
  facet normal 0.000000e+00 1.000000e+00 0.000000e+00
    outer loop
      vertex 0.000000e+00 -1.500000e-03 0.000000e+00
      vertex 6.058844e-03 -1.500000e-03 -3.087135e-03
      vertex 5.501316e-03 -1.500000e-03 -3.996940e-03
    endloop
  endfacet
  facet normal 0.000000e+00 -1.000000e+00 0.000000e+00
    outer loop
      vertex 0.000000e+00 1.500000e-03 0.000000e+00
      vertex 5.501316e-03 1.500000e-03 -3.996940e-03
      vertex 6.058844e-03 1.500000e-03 -3.087135e-03
    endloop
  endfacet
  facet normal -9.238794e-01 0.000000e+00 3.826838e-01
    outer loop
      vertex 6.058844e-03 -1.500000e-03 -3.087135e-03
      vertex 6.467184e-03 -1.500000e-03 -2.101316e-03
      vertex 6.467184e-03 1.500000e-03 -2.101316e-03
    endloop
  endfacet
  facet normal -9.238794e-01 0.000000e+00 3.826838e-01
    outer loop
      vertex 6.058844e-03 -1.500000e-03 -3.087135e-03
      vertex 6.467184e-03 1.500000e-03 -2.101316e-03
      vertex 6.058844e-03 1.500000e-03 -3.087135e-03
    endloop
  endfacet
  facet normal 0.000000e+00 1.000000e+00 0.000000e+00
    outer loop
      vertex 0.000000e+00 -1.500000e-03 0.000000e+00
      vertex 6.467184e-03 -1.500000e-03 -2.101316e-03
      vertex 6.058844e-03 -1.500000e-03 -3.087135e-03
    endloop
  endfacet
  facet normal 0.000000e+00 -1.000000e+00 0.000000e+00
    outer loop
      vertex 0.000000e+00 1.500000e-03 0.000000e+00
      vertex 6.058844e-03 1.500000e-03 -3.087135e-03
      vertex 6.467184e-03 1.500000e-03 -2.101316e-03
    endloop
  endfacet
  facet normal -9.723698e-01 0.000000e+00 2.334457e-01
    outer loop
      vertex 6.467184e-03 -1.500000e-03 -2.101316e-03
      vertex 6.716281e-03 -1.500000e-03 -1.063754e-03
      vertex 6.716281e-03 1.500000e-03 -1.063754e-03
    endloop
  endfacet
  facet normal -9.723698e-01 0.000000e+00 2.334457e-01
    outer loop
      vertex 6.467184e-03 -1.500000e-03 -2.101316e-03
      vertex 6.716281e-03 1.500000e-03 -1.063754e-03
      vertex 6.467184e-03 1.500000e-03 -2.101316e-03
    endloop
  endfacet
  facet normal 0.000000e+00 1.000000e+00 0.000000e+00
    outer loop
      vertex 0.000000e+00 -1.500000e-03 0.000000e+00
      vertex 6.716281e-03 -1.500000e-03 -1.063754e-03
      vertex 6.467184e-03 -1.500000e-03 -2.101316e-03
    endloop
  endfacet
  facet normal 0.000000e+00 -1.000000e+00 0.000000e+00
    outer loop
      vertex 0.000000e+00 1.500000e-03 0.000000e+00
      vertex 6.467184e-03 1.500000e-03 -2.101316e-03
      vertex 6.716281e-03 1.500000e-03 -1.063754e-03
    endloop
  endfacet
  facet normal -9.969174e-01 0.000000e+00 7.845886e-02
    outer loop
      vertex 6.716281e-03 -1.500000e-03 -1.063754e-03
      vertex 6.800000e-03 -1.500000e-03 0.000000e+00
      vertex 6.800000e-03 1.500000e-03 0.000000e+00
    endloop
  endfacet
  facet normal -9.969174e-01 0.000000e+00 7.845886e-02
    outer loop
      vertex 6.716281e-03 -1.500000e-03 -1.063754e-03
      vertex 6.800000e-03 1.500000e-03 0.000000e+00
      vertex 6.716281e-03 1.500000e-03 -1.063754e-03
    endloop
  endfacet
  facet normal -0.000000e+00 1.000000e+00 0.000000e+00
    outer loop
      vertex 0.000000e+00 -1.500000e-03 0.000000e+00
      vertex 6.800000e-03 -1.500000e-03 0.000000e+00
      vertex 6.716281e-03 -1.500000e-03 -1.063754e-03
    endloop
  endfacet
  facet normal 0.000000e+00 -1.000000e+00 0.000000e+00
    outer loop
      vertex 0.000000e+00 1.500000e-03 0.000000e+00
      vertex 6.716281e-03 1.500000e-03 -1.063754e-03
      vertex 6.800000e-03 1.500000e-03 0.000000e+00
    endloop
  endfacet
  facet normal -9.961947e-01 0.000000e+00 -8.715560e-02
    outer loop
      vertex 4.500000e-03 2.000000e-04 0.000000e+00
      vertex 4.431635e-03 2.000000e-04 7.814168e-04
      vertex 4.431635e-03 4.200000e-03 7.814168e-04
    endloop
  endfacet
  facet normal -9.961947e-01 0.000000e+00 -8.715560e-02
    outer loop
      vertex 4.500000e-03 2.000000e-04 0.000000e+00
      vertex 4.431635e-03 4.200000e-03 7.814168e-04
      vertex 4.500000e-03 4.200000e-03 0.000000e+00
    endloop
  endfacet
  facet normal 0.000000e+00 1.000000e+00 0.000000e+00
    outer loop
      vertex 0.000000e+00 2.000000e-04 0.000000e+00
      vertex 4.431635e-03 2.000000e-04 7.814168e-04
      vertex 4.500000e-03 2.000000e-04 0.000000e+00
    endloop
  endfacet
  facet normal 0.000000e+00 -1.000000e+00 0.000000e+00
    outer loop
      vertex 0.000000e+00 4.200000e-03 0.000000e+00
      vertex 4.500000e-03 4.200000e-03 0.000000e+00
      vertex 4.431635e-03 4.200000e-03 7.814168e-04
    endloop
  endfacet
  facet normal -9.659259e-01 0.000000e+00 -2.588188e-01
    outer loop
      vertex 4.431635e-03 2.000000e-04 7.814168e-04
      vertex 4.228617e-03 2.000000e-04 1.539091e-03
      vertex 4.228617e-03 4.200000e-03 1.539091e-03
    endloop
  endfacet
  facet normal -9.659259e-01 0.000000e+00 -2.588188e-01
    outer loop
      vertex 4.431635e-03 2.000000e-04 7.814168e-04
      vertex 4.228617e-03 4.200000e-03 1.539091e-03
      vertex 4.431635e-03 4.200000e-03 7.814168e-04
    endloop
  endfacet
  facet normal 0.000000e+00 1.000000e+00 0.000000e+00
    outer loop
      vertex 0.000000e+00 2.000000e-04 0.000000e+00
      vertex 4.228617e-03 2.000000e-04 1.539091e-03
      vertex 4.431635e-03 2.000000e-04 7.814168e-04
    endloop
  endfacet
  facet normal 0.000000e+00 -1.000000e+00 0.000000e+00
    outer loop
      vertex 0.000000e+00 4.200000e-03 0.000000e+00
      vertex 4.431635e-03 4.200000e-03 7.814168e-04
      vertex 4.228617e-03 4.200000e-03 1.539091e-03
    endloop
  endfacet
  facet normal -9.063075e-01 0.000000e+00 -4.226190e-01
    outer loop
      vertex 4.228617e-03 2.000000e-04 1.539091e-03
      vertex 3.897114e-03 2.000000e-04 2.250000e-03
      vertex 3.897114e-03 4.200000e-03 2.250000e-03
    endloop
  endfacet
  facet normal -9.063075e-01 0.000000e+00 -4.226190e-01
    outer loop
      vertex 4.228617e-03 2.000000e-04 1.539091e-03
      vertex 3.897114e-03 4.200000e-03 2.250000e-03
      vertex 4.228617e-03 4.200000e-03 1.539091e-03
    endloop
  endfacet
  facet normal 0.000000e+00 1.000000e+00 0.000000e+00
    outer loop
      vertex 0.000000e+00 2.000000e-04 0.000000e+00
      vertex 3.897114e-03 2.000000e-04 2.250000e-03
      vertex 4.228617e-03 2.000000e-04 1.539091e-03
    endloop
  endfacet
  facet normal 0.000000e+00 -1.000000e+00 0.000000e+00
    outer loop
      vertex 0.000000e+00 4.200000e-03 0.000000e+00
      vertex 4.228617e-03 4.200000e-03 1.539091e-03
      vertex 3.897114e-03 4.200000e-03 2.250000e-03
    endloop
  endfacet
  facet normal -8.191521e-01 0.000000e+00 -5.735763e-01
    outer loop
      vertex 3.897114e-03 2.000000e-04 2.250000e-03
      vertex 3.447200e-03 2.000000e-04 2.892544e-03
      vertex 3.447200e-03 4.200000e-03 2.892544e-03
    endloop
  endfacet
  facet normal -8.191521e-01 0.000000e+00 -5.735763e-01
    outer loop
      vertex 3.897114e-03 2.000000e-04 2.250000e-03
      vertex 3.447200e-03 4.200000e-03 2.892544e-03
      vertex 3.897114e-03 4.200000e-03 2.250000e-03
    endloop
  endfacet
  facet normal 0.000000e+00 1.000000e+00 0.000000e+00
    outer loop
      vertex 0.000000e+00 2.000000e-04 0.000000e+00
      vertex 3.447200e-03 2.000000e-04 2.892544e-03
      vertex 3.897114e-03 2.000000e-04 2.250000e-03
    endloop
  endfacet
  facet normal 0.000000e+00 -1.000000e+00 0.000000e+00
    outer loop
      vertex 0.000000e+00 4.200000e-03 0.000000e+00
      vertex 3.897114e-03 4.200000e-03 2.250000e-03
      vertex 3.447200e-03 4.200000e-03 2.892544e-03
    endloop
  endfacet
  facet normal -7.071068e-01 0.000000e+00 -7.071068e-01
    outer loop
      vertex 3.447200e-03 2.000000e-04 2.892544e-03
      vertex 2.892544e-03 2.000000e-04 3.447200e-03
      vertex 2.892544e-03 4.200000e-03 3.447200e-03
    endloop
  endfacet
  facet normal -7.071068e-01 0.000000e+00 -7.071068e-01
    outer loop
      vertex 3.447200e-03 2.000000e-04 2.892544e-03
      vertex 2.892544e-03 4.200000e-03 3.447200e-03
      vertex 3.447200e-03 4.200000e-03 2.892544e-03
    endloop
  endfacet
  facet normal 0.000000e+00 1.000000e+00 0.000000e+00
    outer loop
      vertex 0.000000e+00 2.000000e-04 0.000000e+00
      vertex 2.892544e-03 2.000000e-04 3.447200e-03
      vertex 3.447200e-03 2.000000e-04 2.892544e-03
    endloop
  endfacet
  facet normal 0.000000e+00 -1.000000e+00 0.000000e+00
    outer loop
      vertex 0.000000e+00 4.200000e-03 0.000000e+00
      vertex 3.447200e-03 4.200000e-03 2.892544e-03
      vertex 2.892544e-03 4.200000e-03 3.447200e-03
    endloop
  endfacet
  facet normal -5.735763e-01 0.000000e+00 -8.191521e-01
    outer loop
      vertex 2.892544e-03 2.000000e-04 3.447200e-03
      vertex 2.250000e-03 2.000000e-04 3.897114e-03
      vertex 2.250000e-03 4.200000e-03 3.897114e-03
    endloop
  endfacet
  facet normal -5.735763e-01 0.000000e+00 -8.191521e-01
    outer loop
      vertex 2.892544e-03 2.000000e-04 3.447200e-03
      vertex 2.250000e-03 4.200000e-03 3.897114e-03
      vertex 2.892544e-03 4.200000e-03 3.447200e-03
    endloop
  endfacet
  facet normal 0.000000e+00 1.000000e+00 0.000000e+00
    outer loop
      vertex 0.000000e+00 2.000000e-04 0.000000e+00
      vertex 2.250000e-03 2.000000e-04 3.897114e-03
      vertex 2.892544e-03 2.000000e-04 3.447200e-03
    endloop
  endfacet
  facet normal 0.000000e+00 -1.000000e+00 0.000000e+00
    outer loop
      vertex 0.000000e+00 4.200000e-03 0.000000e+00
      vertex 2.892544e-03 4.200000e-03 3.447200e-03
      vertex 2.250000e-03 4.200000e-03 3.897114e-03
    endloop
  endfacet
  facet normal -4.226190e-01 0.000000e+00 -9.063075e-01
    outer loop
      vertex 2.250000e-03 2.000000e-04 3.897114e-03
      vertex 1.539091e-03 2.000000e-04 4.228617e-03
      vertex 1.539091e-03 4.200000e-03 4.228617e-03
    endloop
  endfacet
  facet normal -4.226190e-01 0.000000e+00 -9.063075e-01
    outer loop
      vertex 2.250000e-03 2.000000e-04 3.897114e-03
      vertex 1.539091e-03 4.200000e-03 4.228617e-03
      vertex 2.250000e-03 4.200000e-03 3.897114e-03
    endloop
  endfacet
  facet normal 0.000000e+00 1.000000e+00 0.000000e+00
    outer loop
      vertex 0.000000e+00 2.000000e-04 0.000000e+00
      vertex 1.539091e-03 2.000000e-04 4.228617e-03
      vertex 2.250000e-03 2.000000e-04 3.897114e-03
    endloop
  endfacet
  facet normal 0.000000e+00 -1.000000e+00 0.000000e+00
    outer loop
      vertex 0.000000e+00 4.200000e-03 0.000000e+00
      vertex 2.250000e-03 4.200000e-03 3.897114e-03
      vertex 1.539091e-03 4.200000e-03 4.228617e-03
    endloop
  endfacet
  facet normal -2.588188e-01 0.000000e+00 -9.659259e-01
    outer loop
      vertex 1.539091e-03 2.000000e-04 4.228617e-03
      vertex 7.814168e-04 2.000000e-04 4.431635e-03
      vertex 7.814168e-04 4.200000e-03 4.431635e-03
    endloop
  endfacet
  facet normal -2.588188e-01 0.000000e+00 -9.659259e-01
    outer loop
      vertex 1.539091e-03 2.000000e-04 4.228617e-03
      vertex 7.814168e-04 4.200000e-03 4.431635e-03
      vertex 1.539091e-03 4.200000e-03 4.228617e-03
    endloop
  endfacet
  facet normal 0.000000e+00 1.000000e+00 0.000000e+00
    outer loop
      vertex 0.000000e+00 2.000000e-04 0.000000e+00
      vertex 7.814168e-04 2.000000e-04 4.431635e-03
      vertex 1.539091e-03 2.000000e-04 4.228617e-03
    endloop
  endfacet
  facet normal 0.000000e+00 -1.000000e+00 0.000000e+00
    outer loop
      vertex 0.000000e+00 4.200000e-03 0.000000e+00
      vertex 1.539091e-03 4.200000e-03 4.228617e-03
      vertex 7.814168e-04 4.200000e-03 4.431635e-03
    endloop
  endfacet
  facet normal -8.715560e-02 0.000000e+00 -9.961947e-01
    outer loop
      vertex 7.814168e-04 2.000000e-04 4.431635e-03
      vertex 2.755455e-19 2.000000e-04 4.500000e-03
      vertex 2.755455e-19 4.200000e-03 4.500000e-03
    endloop
  endfacet
  facet normal -8.715560e-02 0.000000e+00 -9.961947e-01
    outer loop
      vertex 7.814168e-04 2.000000e-04 4.431635e-03
      vertex 2.755455e-19 4.200000e-03 4.500000e-03
      vertex 7.814168e-04 4.200000e-03 4.431635e-03
    endloop
  endfacet
  facet normal 0.000000e+00 1.000000e+00 0.000000e+00
    outer loop
      vertex 0.000000e+00 2.000000e-04 0.000000e+00
      vertex 2.755455e-19 2.000000e-04 4.500000e-03
      vertex 7.814168e-04 2.000000e-04 4.431635e-03
    endloop
  endfacet
  facet normal 0.000000e+00 -1.000000e+00 0.000000e+00
    outer loop
      vertex 0.000000e+00 4.200000e-03 0.000000e+00
      vertex 7.814168e-04 4.200000e-03 4.431635e-03
      vertex 2.755455e-19 4.200000e-03 4.500000e-03
    endloop
  endfacet
  facet normal 8.715560e-02 0.000000e+00 -9.961947e-01
    outer loop
      vertex 2.755455e-19 2.000000e-04 4.500000e-03
      vertex -7.814168e-04 2.000000e-04 4.431635e-03
      vertex -7.814168e-04 4.200000e-03 4.431635e-03
    endloop
  endfacet
  facet normal 8.715560e-02 0.000000e+00 -9.961947e-01
    outer loop
      vertex 2.755455e-19 2.000000e-04 4.500000e-03
      vertex -7.814168e-04 4.200000e-03 4.431635e-03
      vertex 2.755455e-19 4.200000e-03 4.500000e-03
    endloop
  endfacet
  facet normal 0.000000e+00 1.000000e+00 -0.000000e+00
    outer loop
      vertex 0.000000e+00 2.000000e-04 0.000000e+00
      vertex -7.814168e-04 2.000000e-04 4.431635e-03
      vertex 2.755455e-19 2.000000e-04 4.500000e-03
    endloop
  endfacet
  facet normal 0.000000e+00 -1.000000e+00 0.000000e+00
    outer loop
      vertex 0.000000e+00 4.200000e-03 0.000000e+00
      vertex 2.755455e-19 4.200000e-03 4.500000e-03
      vertex -7.814168e-04 4.200000e-03 4.431635e-03
    endloop
  endfacet
  facet normal 2.588188e-01 0.000000e+00 -9.659259e-01
    outer loop
      vertex -7.814168e-04 2.000000e-04 4.431635e-03
      vertex -1.539091e-03 2.000000e-04 4.228617e-03
      vertex -1.539091e-03 4.200000e-03 4.228617e-03
    endloop
  endfacet
  facet normal 2.588188e-01 0.000000e+00 -9.659259e-01
    outer loop
      vertex -7.814168e-04 2.000000e-04 4.431635e-03
      vertex -1.539091e-03 4.200000e-03 4.228617e-03
      vertex -7.814168e-04 4.200000e-03 4.431635e-03
    endloop
  endfacet
  facet normal 0.000000e+00 1.000000e+00 0.000000e+00
    outer loop
      vertex 0.000000e+00 2.000000e-04 0.000000e+00
      vertex -1.539091e-03 2.000000e-04 4.228617e-03
      vertex -7.814168e-04 2.000000e-04 4.431635e-03
    endloop
  endfacet
  facet normal 0.000000e+00 -1.000000e+00 0.000000e+00
    outer loop
      vertex 0.000000e+00 4.200000e-03 0.000000e+00
      vertex -7.814168e-04 4.200000e-03 4.431635e-03
      vertex -1.539091e-03 4.200000e-03 4.228617e-03
    endloop
  endfacet
  facet normal 4.226190e-01 0.000000e+00 -9.063075e-01
    outer loop
      vertex -1.539091e-03 2.000000e-04 4.228617e-03
      vertex -2.250000e-03 2.000000e-04 3.897114e-03
      vertex -2.250000e-03 4.200000e-03 3.897114e-03
    endloop
  endfacet
  facet normal 4.226190e-01 0.000000e+00 -9.063075e-01
    outer loop
      vertex -1.539091e-03 2.000000e-04 4.228617e-03
      vertex -2.250000e-03 4.200000e-03 3.897114e-03
      vertex -1.539091e-03 4.200000e-03 4.228617e-03
    endloop
  endfacet
  facet normal 0.000000e+00 1.000000e+00 0.000000e+00
    outer loop
      vertex 0.000000e+00 2.000000e-04 0.000000e+00
      vertex -2.250000e-03 2.000000e-04 3.897114e-03
      vertex -1.539091e-03 2.000000e-04 4.228617e-03
    endloop
  endfacet
  facet normal 0.000000e+00 -1.000000e+00 0.000000e+00
    outer loop
      vertex 0.000000e+00 4.200000e-03 0.000000e+00
      vertex -1.539091e-03 4.200000e-03 4.228617e-03
      vertex -2.250000e-03 4.200000e-03 3.897114e-03
    endloop
  endfacet
  facet normal 5.735763e-01 0.000000e+00 -8.191521e-01
    outer loop
      vertex -2.250000e-03 2.000000e-04 3.897114e-03
      vertex -2.892544e-03 2.000000e-04 3.447200e-03
      vertex -2.892544e-03 4.200000e-03 3.447200e-03
    endloop
  endfacet
  facet normal 5.735763e-01 0.000000e+00 -8.191521e-01
    outer loop
      vertex -2.250000e-03 2.000000e-04 3.897114e-03
      vertex -2.892544e-03 4.200000e-03 3.447200e-03
      vertex -2.250000e-03 4.200000e-03 3.897114e-03
    endloop
  endfacet
  facet normal 0.000000e+00 1.000000e+00 0.000000e+00
    outer loop
      vertex 0.000000e+00 2.000000e-04 0.000000e+00
      vertex -2.892544e-03 2.000000e-04 3.447200e-03
      vertex -2.250000e-03 2.000000e-04 3.897114e-03
    endloop
  endfacet
  facet normal 0.000000e+00 -1.000000e+00 0.000000e+00
    outer loop
      vertex 0.000000e+00 4.200000e-03 0.000000e+00
      vertex -2.250000e-03 4.200000e-03 3.897114e-03
      vertex -2.892544e-03 4.200000e-03 3.447200e-03
    endloop
  endfacet
  facet normal 7.071068e-01 0.000000e+00 -7.071068e-01
    outer loop
      vertex -2.892544e-03 2.000000e-04 3.447200e-03
      vertex -3.447200e-03 2.000000e-04 2.892544e-03
      vertex -3.447200e-03 4.200000e-03 2.892544e-03
    endloop
  endfacet
  facet normal 7.071068e-01 0.000000e+00 -7.071068e-01
    outer loop
      vertex -2.892544e-03 2.000000e-04 3.447200e-03
      vertex -3.447200e-03 4.200000e-03 2.892544e-03
      vertex -2.892544e-03 4.200000e-03 3.447200e-03
    endloop
  endfacet
  facet normal 0.000000e+00 1.000000e+00 0.000000e+00
    outer loop
      vertex 0.000000e+00 2.000000e-04 0.000000e+00
      vertex -3.447200e-03 2.000000e-04 2.892544e-03
      vertex -2.892544e-03 2.000000e-04 3.447200e-03
    endloop
  endfacet
  facet normal 0.000000e+00 -1.000000e+00 0.000000e+00
    outer loop
      vertex 0.000000e+00 4.200000e-03 0.000000e+00
      vertex -2.892544e-03 4.200000e-03 3.447200e-03
      vertex -3.447200e-03 4.200000e-03 2.892544e-03
    endloop
  endfacet
  facet normal 8.191521e-01 0.000000e+00 -5.735763e-01
    outer loop
      vertex -3.447200e-03 2.000000e-04 2.892544e-03
      vertex -3.897114e-03 2.000000e-04 2.250000e-03
      vertex -3.897114e-03 4.200000e-03 2.250000e-03
    endloop
  endfacet
  facet normal 8.191521e-01 0.000000e+00 -5.735763e-01
    outer loop
      vertex -3.447200e-03 2.000000e-04 2.892544e-03
      vertex -3.897114e-03 4.200000e-03 2.250000e-03
      vertex -3.447200e-03 4.200000e-03 2.892544e-03
    endloop
  endfacet
  facet normal 0.000000e+00 1.000000e+00 0.000000e+00
    outer loop
      vertex 0.000000e+00 2.000000e-04 0.000000e+00
      vertex -3.897114e-03 2.000000e-04 2.250000e-03
      vertex -3.447200e-03 2.000000e-04 2.892544e-03
    endloop
  endfacet
  facet normal 0.000000e+00 -1.000000e+00 0.000000e+00
    outer loop
      vertex 0.000000e+00 4.200000e-03 0.000000e+00
      vertex -3.447200e-03 4.200000e-03 2.892544e-03
      vertex -3.897114e-03 4.200000e-03 2.250000e-03
    endloop
  endfacet
  facet normal 9.063075e-01 0.000000e+00 -4.226190e-01
    outer loop
      vertex -3.897114e-03 2.000000e-04 2.250000e-03
      vertex -4.228617e-03 2.000000e-04 1.539091e-03
      vertex -4.228617e-03 4.200000e-03 1.539091e-03
    endloop
  endfacet
  facet normal 9.063075e-01 0.000000e+00 -4.226190e-01
    outer loop
      vertex -3.897114e-03 2.000000e-04 2.250000e-03
      vertex -4.228617e-03 4.200000e-03 1.539091e-03
      vertex -3.897114e-03 4.200000e-03 2.250000e-03
    endloop
  endfacet
  facet normal 0.000000e+00 1.000000e+00 0.000000e+00
    outer loop
      vertex 0.000000e+00 2.000000e-04 0.000000e+00
      vertex -4.228617e-03 2.000000e-04 1.539091e-03
      vertex -3.897114e-03 2.000000e-04 2.250000e-03
    endloop
  endfacet
  facet normal 0.000000e+00 -1.000000e+00 0.000000e+00
    outer loop
      vertex 0.000000e+00 4.200000e-03 0.000000e+00
      vertex -3.897114e-03 4.200000e-03 2.250000e-03
      vertex -4.228617e-03 4.200000e-03 1.539091e-03
    endloop
  endfacet
  facet normal 9.659259e-01 0.000000e+00 -2.588188e-01
    outer loop
      vertex -4.228617e-03 2.000000e-04 1.539091e-03
      vertex -4.431635e-03 2.000000e-04 7.814168e-04
      vertex -4.431635e-03 4.200000e-03 7.814168e-04
    endloop
  endfacet
  facet normal 9.659259e-01 0.000000e+00 -2.588188e-01
    outer loop
      vertex -4.228617e-03 2.000000e-04 1.539091e-03
      vertex -4.431635e-03 4.200000e-03 7.814168e-04
      vertex -4.228617e-03 4.200000e-03 1.539091e-03
    endloop
  endfacet
  facet normal 0.000000e+00 1.000000e+00 0.000000e+00
    outer loop
      vertex 0.000000e+00 2.000000e-04 0.000000e+00
      vertex -4.431635e-03 2.000000e-04 7.814168e-04
      vertex -4.228617e-03 2.000000e-04 1.539091e-03
    endloop
  endfacet
  facet normal 0.000000e+00 -1.000000e+00 0.000000e+00
    outer loop
      vertex 0.000000e+00 4.200000e-03 0.000000e+00
      vertex -4.228617e-03 4.200000e-03 1.539091e-03
      vertex -4.431635e-03 4.200000e-03 7.814168e-04
    endloop
  endfacet
  facet normal 9.961947e-01 0.000000e+00 -8.715560e-02
    outer loop
      vertex -4.431635e-03 2.000000e-04 7.814168e-04
      vertex -4.500000e-03 2.000000e-04 5.510911e-19
      vertex -4.500000e-03 4.200000e-03 5.510911e-19
    endloop
  endfacet
  facet normal 9.961947e-01 0.000000e+00 -8.715560e-02
    outer loop
      vertex -4.431635e-03 2.000000e-04 7.814168e-04
      vertex -4.500000e-03 4.200000e-03 5.510911e-19
      vertex -4.431635e-03 4.200000e-03 7.814168e-04
    endloop
  endfacet
  facet normal 0.000000e+00 1.000000e+00 0.000000e+00
    outer loop
      vertex 0.000000e+00 2.000000e-04 0.000000e+00
      vertex -4.500000e-03 2.000000e-04 5.510911e-19
      vertex -4.431635e-03 2.000000e-04 7.814168e-04
    endloop
  endfacet
  facet normal 0.000000e+00 -1.000000e+00 0.000000e+00
    outer loop
      vertex 0.000000e+00 4.200000e-03 0.000000e+00
      vertex -4.431635e-03 4.200000e-03 7.814168e-04
      vertex -4.500000e-03 4.200000e-03 5.510911e-19
    endloop
  endfacet
  facet normal 9.961947e-01 0.000000e+00 8.715560e-02
    outer loop
      vertex -4.500000e-03 2.000000e-04 5.510911e-19
      vertex -4.431635e-03 2.000000e-04 -7.814168e-04
      vertex -4.431635e-03 4.200000e-03 -7.814168e-04
    endloop
  endfacet
  facet normal 9.961947e-01 -0.000000e+00 8.715560e-02
    outer loop
      vertex -4.500000e-03 2.000000e-04 5.510911e-19
      vertex -4.431635e-03 4.200000e-03 -7.814168e-04
      vertex -4.500000e-03 4.200000e-03 5.510911e-19
    endloop
  endfacet
  facet normal 0.000000e+00 1.000000e+00 0.000000e+00
    outer loop
      vertex 0.000000e+00 2.000000e-04 0.000000e+00
      vertex -4.431635e-03 2.000000e-04 -7.814168e-04
      vertex -4.500000e-03 2.000000e-04 5.510911e-19
    endloop
  endfacet
  facet normal -0.000000e+00 -1.000000e+00 0.000000e+00
    outer loop
      vertex 0.000000e+00 4.200000e-03 0.000000e+00
      vertex -4.500000e-03 4.200000e-03 5.510911e-19
      vertex -4.431635e-03 4.200000e-03 -7.814168e-04
    endloop
  endfacet
  facet normal 9.659259e-01 0.000000e+00 2.588188e-01
    outer loop
      vertex -4.431635e-03 2.000000e-04 -7.814168e-04
      vertex -4.228617e-03 2.000000e-04 -1.539091e-03
      vertex -4.228617e-03 4.200000e-03 -1.539091e-03
    endloop
  endfacet
  facet normal 9.659259e-01 -0.000000e+00 2.588188e-01
    outer loop
      vertex -4.431635e-03 2.000000e-04 -7.814168e-04
      vertex -4.228617e-03 4.200000e-03 -1.539091e-03
      vertex -4.431635e-03 4.200000e-03 -7.814168e-04
    endloop
  endfacet
  facet normal 0.000000e+00 1.000000e+00 0.000000e+00
    outer loop
      vertex 0.000000e+00 2.000000e-04 0.000000e+00
      vertex -4.228617e-03 2.000000e-04 -1.539091e-03
      vertex -4.431635e-03 2.000000e-04 -7.814168e-04
    endloop
  endfacet
  facet normal 0.000000e+00 -1.000000e+00 0.000000e+00
    outer loop
      vertex 0.000000e+00 4.200000e-03 0.000000e+00
      vertex -4.431635e-03 4.200000e-03 -7.814168e-04
      vertex -4.228617e-03 4.200000e-03 -1.539091e-03
    endloop
  endfacet
  facet normal 9.063075e-01 0.000000e+00 4.226190e-01
    outer loop
      vertex -4.228617e-03 2.000000e-04 -1.539091e-03
      vertex -3.897114e-03 2.000000e-04 -2.250000e-03
      vertex -3.897114e-03 4.200000e-03 -2.250000e-03
    endloop
  endfacet
  facet normal 9.063075e-01 -0.000000e+00 4.226190e-01
    outer loop
      vertex -4.228617e-03 2.000000e-04 -1.539091e-03
      vertex -3.897114e-03 4.200000e-03 -2.250000e-03
      vertex -4.228617e-03 4.200000e-03 -1.539091e-03
    endloop
  endfacet
  facet normal 0.000000e+00 1.000000e+00 0.000000e+00
    outer loop
      vertex 0.000000e+00 2.000000e-04 0.000000e+00
      vertex -3.897114e-03 2.000000e-04 -2.250000e-03
      vertex -4.228617e-03 2.000000e-04 -1.539091e-03
    endloop
  endfacet
  facet normal 0.000000e+00 -1.000000e+00 0.000000e+00
    outer loop
      vertex 0.000000e+00 4.200000e-03 0.000000e+00
      vertex -4.228617e-03 4.200000e-03 -1.539091e-03
      vertex -3.897114e-03 4.200000e-03 -2.250000e-03
    endloop
  endfacet
  facet normal 8.191521e-01 0.000000e+00 5.735763e-01
    outer loop
      vertex -3.897114e-03 2.000000e-04 -2.250000e-03
      vertex -3.447200e-03 2.000000e-04 -2.892544e-03
      vertex -3.447200e-03 4.200000e-03 -2.892544e-03
    endloop
  endfacet
  facet normal 8.191521e-01 -0.000000e+00 5.735763e-01
    outer loop
      vertex -3.897114e-03 2.000000e-04 -2.250000e-03
      vertex -3.447200e-03 4.200000e-03 -2.892544e-03
      vertex -3.897114e-03 4.200000e-03 -2.250000e-03
    endloop
  endfacet
  facet normal 0.000000e+00 1.000000e+00 0.000000e+00
    outer loop
      vertex 0.000000e+00 2.000000e-04 0.000000e+00
      vertex -3.447200e-03 2.000000e-04 -2.892544e-03
      vertex -3.897114e-03 2.000000e-04 -2.250000e-03
    endloop
  endfacet
  facet normal 0.000000e+00 -1.000000e+00 0.000000e+00
    outer loop
      vertex 0.000000e+00 4.200000e-03 0.000000e+00
      vertex -3.897114e-03 4.200000e-03 -2.250000e-03
      vertex -3.447200e-03 4.200000e-03 -2.892544e-03
    endloop
  endfacet
  facet normal 7.071068e-01 0.000000e+00 7.071068e-01
    outer loop
      vertex -3.447200e-03 2.000000e-04 -2.892544e-03
      vertex -2.892544e-03 2.000000e-04 -3.447200e-03
      vertex -2.892544e-03 4.200000e-03 -3.447200e-03
    endloop
  endfacet
  facet normal 7.071068e-01 -0.000000e+00 7.071068e-01
    outer loop
      vertex -3.447200e-03 2.000000e-04 -2.892544e-03
      vertex -2.892544e-03 4.200000e-03 -3.447200e-03
      vertex -3.447200e-03 4.200000e-03 -2.892544e-03
    endloop
  endfacet
  facet normal 0.000000e+00 1.000000e+00 0.000000e+00
    outer loop
      vertex 0.000000e+00 2.000000e-04 0.000000e+00
      vertex -2.892544e-03 2.000000e-04 -3.447200e-03
      vertex -3.447200e-03 2.000000e-04 -2.892544e-03
    endloop
  endfacet
  facet normal 0.000000e+00 -1.000000e+00 0.000000e+00
    outer loop
      vertex 0.000000e+00 4.200000e-03 0.000000e+00
      vertex -3.447200e-03 4.200000e-03 -2.892544e-03
      vertex -2.892544e-03 4.200000e-03 -3.447200e-03
    endloop
  endfacet
  facet normal 5.735763e-01 0.000000e+00 8.191521e-01
    outer loop
      vertex -2.892544e-03 2.000000e-04 -3.447200e-03
      vertex -2.250000e-03 2.000000e-04 -3.897114e-03
      vertex -2.250000e-03 4.200000e-03 -3.897114e-03
    endloop
  endfacet
  facet normal 5.735763e-01 -0.000000e+00 8.191521e-01
    outer loop
      vertex -2.892544e-03 2.000000e-04 -3.447200e-03
      vertex -2.250000e-03 4.200000e-03 -3.897114e-03
      vertex -2.892544e-03 4.200000e-03 -3.447200e-03
    endloop
  endfacet
  facet normal 0.000000e+00 1.000000e+00 0.000000e+00
    outer loop
      vertex 0.000000e+00 2.000000e-04 0.000000e+00
      vertex -2.250000e-03 2.000000e-04 -3.897114e-03
      vertex -2.892544e-03 2.000000e-04 -3.447200e-03
    endloop
  endfacet
  facet normal 0.000000e+00 -1.000000e+00 0.000000e+00
    outer loop
      vertex 0.000000e+00 4.200000e-03 0.000000e+00
      vertex -2.892544e-03 4.200000e-03 -3.447200e-03
      vertex -2.250000e-03 4.200000e-03 -3.897114e-03
    endloop
  endfacet
  facet normal 4.226190e-01 0.000000e+00 9.063075e-01
    outer loop
      vertex -2.250000e-03 2.000000e-04 -3.897114e-03
      vertex -1.539091e-03 2.000000e-04 -4.228617e-03
      vertex -1.539091e-03 4.200000e-03 -4.228617e-03
    endloop
  endfacet
  facet normal 4.226190e-01 -0.000000e+00 9.063075e-01
    outer loop
      vertex -2.250000e-03 2.000000e-04 -3.897114e-03
      vertex -1.539091e-03 4.200000e-03 -4.228617e-03
      vertex -2.250000e-03 4.200000e-03 -3.897114e-03
    endloop
  endfacet
  facet normal 0.000000e+00 1.000000e+00 0.000000e+00
    outer loop
      vertex 0.000000e+00 2.000000e-04 0.000000e+00
      vertex -1.539091e-03 2.000000e-04 -4.228617e-03
      vertex -2.250000e-03 2.000000e-04 -3.897114e-03
    endloop
  endfacet
  facet normal 0.000000e+00 -1.000000e+00 0.000000e+00
    outer loop
      vertex 0.000000e+00 4.200000e-03 0.000000e+00
      vertex -2.250000e-03 4.200000e-03 -3.897114e-03
      vertex -1.539091e-03 4.200000e-03 -4.228617e-03
    endloop
  endfacet
  facet normal 2.588188e-01 0.000000e+00 9.659259e-01
    outer loop
      vertex -1.539091e-03 2.000000e-04 -4.228617e-03
      vertex -7.814168e-04 2.000000e-04 -4.431635e-03
      vertex -7.814168e-04 4.200000e-03 -4.431635e-03
    endloop
  endfacet
  facet normal 2.588188e-01 -0.000000e+00 9.659259e-01
    outer loop
      vertex -1.539091e-03 2.000000e-04 -4.228617e-03
      vertex -7.814168e-04 4.200000e-03 -4.431635e-03
      vertex -1.539091e-03 4.200000e-03 -4.228617e-03
    endloop
  endfacet
  facet normal 0.000000e+00 1.000000e+00 0.000000e+00
    outer loop
      vertex 0.000000e+00 2.000000e-04 0.000000e+00
      vertex -7.814168e-04 2.000000e-04 -4.431635e-03
      vertex -1.539091e-03 2.000000e-04 -4.228617e-03
    endloop
  endfacet
  facet normal 0.000000e+00 -1.000000e+00 0.000000e+00
    outer loop
      vertex 0.000000e+00 4.200000e-03 0.000000e+00
      vertex -1.539091e-03 4.200000e-03 -4.228617e-03
      vertex -7.814168e-04 4.200000e-03 -4.431635e-03
    endloop
  endfacet
  facet normal 8.715560e-02 0.000000e+00 9.961947e-01
    outer loop
      vertex -7.814168e-04 2.000000e-04 -4.431635e-03
      vertex -8.266366e-19 2.000000e-04 -4.500000e-03
      vertex -8.266366e-19 4.200000e-03 -4.500000e-03
    endloop
  endfacet
  facet normal 8.715560e-02 -0.000000e+00 9.961947e-01
    outer loop
      vertex -7.814168e-04 2.000000e-04 -4.431635e-03
      vertex -8.266366e-19 4.200000e-03 -4.500000e-03
      vertex -7.814168e-04 4.200000e-03 -4.431635e-03
    endloop
  endfacet
  facet normal 0.000000e+00 1.000000e+00 0.000000e+00
    outer loop
      vertex 0.000000e+00 2.000000e-04 0.000000e+00
      vertex -8.266366e-19 2.000000e-04 -4.500000e-03
      vertex -7.814168e-04 2.000000e-04 -4.431635e-03
    endloop
  endfacet
  facet normal 0.000000e+00 -1.000000e+00 0.000000e+00
    outer loop
      vertex 0.000000e+00 4.200000e-03 0.000000e+00
      vertex -7.814168e-04 4.200000e-03 -4.431635e-03
      vertex -8.266366e-19 4.200000e-03 -4.500000e-03
    endloop
  endfacet
  facet normal -8.715560e-02 0.000000e+00 9.961947e-01
    outer loop
      vertex -8.266366e-19 2.000000e-04 -4.500000e-03
      vertex 7.814168e-04 2.000000e-04 -4.431635e-03
      vertex 7.814168e-04 4.200000e-03 -4.431635e-03
    endloop
  endfacet
  facet normal -8.715560e-02 0.000000e+00 9.961947e-01
    outer loop
      vertex -8.266366e-19 2.000000e-04 -4.500000e-03
      vertex 7.814168e-04 4.200000e-03 -4.431635e-03
      vertex -8.266366e-19 4.200000e-03 -4.500000e-03
    endloop
  endfacet
  facet normal 0.000000e+00 1.000000e+00 0.000000e+00
    outer loop
      vertex 0.000000e+00 2.000000e-04 0.000000e+00
      vertex 7.814168e-04 2.000000e-04 -4.431635e-03
      vertex -8.266366e-19 2.000000e-04 -4.500000e-03
    endloop
  endfacet
  facet normal 0.000000e+00 -1.000000e+00 -0.000000e+00
    outer loop
      vertex 0.000000e+00 4.200000e-03 0.000000e+00
      vertex -8.266366e-19 4.200000e-03 -4.500000e-03
      vertex 7.814168e-04 4.200000e-03 -4.431635e-03
    endloop
  endfacet
  facet normal -2.588188e-01 0.000000e+00 9.659259e-01
    outer loop
      vertex 7.814168e-04 2.000000e-04 -4.431635e-03
      vertex 1.539091e-03 2.000000e-04 -4.228617e-03
      vertex 1.539091e-03 4.200000e-03 -4.228617e-03
    endloop
  endfacet
  facet normal -2.588188e-01 0.000000e+00 9.659259e-01
    outer loop
      vertex 7.814168e-04 2.000000e-04 -4.431635e-03
      vertex 1.539091e-03 4.200000e-03 -4.228617e-03
      vertex 7.814168e-04 4.200000e-03 -4.431635e-03
    endloop
  endfacet
  facet normal 0.000000e+00 1.000000e+00 0.000000e+00
    outer loop
      vertex 0.000000e+00 2.000000e-04 0.000000e+00
      vertex 1.539091e-03 2.000000e-04 -4.228617e-03
      vertex 7.814168e-04 2.000000e-04 -4.431635e-03
    endloop
  endfacet
  facet normal 0.000000e+00 -1.000000e+00 0.000000e+00
    outer loop
      vertex 0.000000e+00 4.200000e-03 0.000000e+00
      vertex 7.814168e-04 4.200000e-03 -4.431635e-03
      vertex 1.539091e-03 4.200000e-03 -4.228617e-03
    endloop
  endfacet
  facet normal -4.226190e-01 0.000000e+00 9.063075e-01
    outer loop
      vertex 1.539091e-03 2.000000e-04 -4.228617e-03
      vertex 2.250000e-03 2.000000e-04 -3.897114e-03
      vertex 2.250000e-03 4.200000e-03 -3.897114e-03
    endloop
  endfacet
  facet normal -4.226190e-01 0.000000e+00 9.063075e-01
    outer loop
      vertex 1.539091e-03 2.000000e-04 -4.228617e-03
      vertex 2.250000e-03 4.200000e-03 -3.897114e-03
      vertex 1.539091e-03 4.200000e-03 -4.228617e-03
    endloop
  endfacet
  facet normal 0.000000e+00 1.000000e+00 0.000000e+00
    outer loop
      vertex 0.000000e+00 2.000000e-04 0.000000e+00
      vertex 2.250000e-03 2.000000e-04 -3.897114e-03
      vertex 1.539091e-03 2.000000e-04 -4.228617e-03
    endloop
  endfacet
  facet normal 0.000000e+00 -1.000000e+00 0.000000e+00
    outer loop
      vertex 0.000000e+00 4.200000e-03 0.000000e+00
      vertex 1.539091e-03 4.200000e-03 -4.228617e-03
      vertex 2.250000e-03 4.200000e-03 -3.897114e-03
    endloop
  endfacet
  facet normal -5.735763e-01 0.000000e+00 8.191521e-01
    outer loop
      vertex 2.250000e-03 2.000000e-04 -3.897114e-03
      vertex 2.892544e-03 2.000000e-04 -3.447200e-03
      vertex 2.892544e-03 4.200000e-03 -3.447200e-03
    endloop
  endfacet
  facet normal -5.735763e-01 0.000000e+00 8.191521e-01
    outer loop
      vertex 2.250000e-03 2.000000e-04 -3.897114e-03
      vertex 2.892544e-03 4.200000e-03 -3.447200e-03
      vertex 2.250000e-03 4.200000e-03 -3.897114e-03
    endloop
  endfacet
  facet normal 0.000000e+00 1.000000e+00 0.000000e+00
    outer loop
      vertex 0.000000e+00 2.000000e-04 0.000000e+00
      vertex 2.892544e-03 2.000000e-04 -3.447200e-03
      vertex 2.250000e-03 2.000000e-04 -3.897114e-03
    endloop
  endfacet
  facet normal 0.000000e+00 -1.000000e+00 0.000000e+00
    outer loop
      vertex 0.000000e+00 4.200000e-03 0.000000e+00
      vertex 2.250000e-03 4.200000e-03 -3.897114e-03
      vertex 2.892544e-03 4.200000e-03 -3.447200e-03
    endloop
  endfacet
  facet normal -7.071068e-01 0.000000e+00 7.071068e-01
    outer loop
      vertex 2.892544e-03 2.000000e-04 -3.447200e-03
      vertex 3.447200e-03 2.000000e-04 -2.892544e-03
      vertex 3.447200e-03 4.200000e-03 -2.892544e-03
    endloop
  endfacet
  facet normal -7.071068e-01 0.000000e+00 7.071068e-01
    outer loop
      vertex 2.892544e-03 2.000000e-04 -3.447200e-03
      vertex 3.447200e-03 4.200000e-03 -2.892544e-03
      vertex 2.892544e-03 4.200000e-03 -3.447200e-03
    endloop
  endfacet
  facet normal 0.000000e+00 1.000000e+00 0.000000e+00
    outer loop
      vertex 0.000000e+00 2.000000e-04 0.000000e+00
      vertex 3.447200e-03 2.000000e-04 -2.892544e-03
      vertex 2.892544e-03 2.000000e-04 -3.447200e-03
    endloop
  endfacet
  facet normal 0.000000e+00 -1.000000e+00 0.000000e+00
    outer loop
      vertex 0.000000e+00 4.200000e-03 0.000000e+00
      vertex 2.892544e-03 4.200000e-03 -3.447200e-03
      vertex 3.447200e-03 4.200000e-03 -2.892544e-03
    endloop
  endfacet
  facet normal -8.191521e-01 0.000000e+00 5.735763e-01
    outer loop
      vertex 3.447200e-03 2.000000e-04 -2.892544e-03
      vertex 3.897114e-03 2.000000e-04 -2.250000e-03
      vertex 3.897114e-03 4.200000e-03 -2.250000e-03
    endloop
  endfacet
  facet normal -8.191521e-01 0.000000e+00 5.735763e-01
    outer loop
      vertex 3.447200e-03 2.000000e-04 -2.892544e-03
      vertex 3.897114e-03 4.200000e-03 -2.250000e-03
      vertex 3.447200e-03 4.200000e-03 -2.892544e-03
    endloop
  endfacet
  facet normal 0.000000e+00 1.000000e+00 0.000000e+00
    outer loop
      vertex 0.000000e+00 2.000000e-04 0.000000e+00
      vertex 3.897114e-03 2.000000e-04 -2.250000e-03
      vertex 3.447200e-03 2.000000e-04 -2.892544e-03
    endloop
  endfacet
  facet normal 0.000000e+00 -1.000000e+00 0.000000e+00
    outer loop
      vertex 0.000000e+00 4.200000e-03 0.000000e+00
      vertex 3.447200e-03 4.200000e-03 -2.892544e-03
      vertex 3.897114e-03 4.200000e-03 -2.250000e-03
    endloop
  endfacet
  facet normal -9.063075e-01 0.000000e+00 4.226190e-01
    outer loop
      vertex 3.897114e-03 2.000000e-04 -2.250000e-03
      vertex 4.228617e-03 2.000000e-04 -1.539091e-03
      vertex 4.228617e-03 4.200000e-03 -1.539091e-03
    endloop
  endfacet
  facet normal -9.063075e-01 0.000000e+00 4.226190e-01
    outer loop
      vertex 3.897114e-03 2.000000e-04 -2.250000e-03
      vertex 4.228617e-03 4.200000e-03 -1.539091e-03
      vertex 3.897114e-03 4.200000e-03 -2.250000e-03
    endloop
  endfacet
  facet normal 0.000000e+00 1.000000e+00 0.000000e+00
    outer loop
      vertex 0.000000e+00 2.000000e-04 0.000000e+00
      vertex 4.228617e-03 2.000000e-04 -1.539091e-03
      vertex 3.897114e-03 2.000000e-04 -2.250000e-03
    endloop
  endfacet
  facet normal 0.000000e+00 -1.000000e+00 0.000000e+00
    outer loop
      vertex 0.000000e+00 4.200000e-03 0.000000e+00
      vertex 3.897114e-03 4.200000e-03 -2.250000e-03
      vertex 4.228617e-03 4.200000e-03 -1.539091e-03
    endloop
  endfacet
  facet normal -9.659259e-01 0.000000e+00 2.588188e-01
    outer loop
      vertex 4.228617e-03 2.000000e-04 -1.539091e-03
      vertex 4.431635e-03 2.000000e-04 -7.814168e-04
      vertex 4.431635e-03 4.200000e-03 -7.814168e-04
    endloop
  endfacet
  facet normal -9.659259e-01 0.000000e+00 2.588188e-01
    outer loop
      vertex 4.228617e-03 2.000000e-04 -1.539091e-03
      vertex 4.431635e-03 4.200000e-03 -7.814168e-04
      vertex 4.228617e-03 4.200000e-03 -1.539091e-03
    endloop
  endfacet
  facet normal 0.000000e+00 1.000000e+00 0.000000e+00
    outer loop
      vertex 0.000000e+00 2.000000e-04 0.000000e+00
      vertex 4.431635e-03 2.000000e-04 -7.814168e-04
      vertex 4.228617e-03 2.000000e-04 -1.539091e-03
    endloop
  endfacet
  facet normal 0.000000e+00 -1.000000e+00 0.000000e+00
    outer loop
      vertex 0.000000e+00 4.200000e-03 0.000000e+00
      vertex 4.228617e-03 4.200000e-03 -1.539091e-03
      vertex 4.431635e-03 4.200000e-03 -7.814168e-04
    endloop
  endfacet
  facet normal -9.961947e-01 0.000000e+00 8.715560e-02
    outer loop
      vertex 4.431635e-03 2.000000e-04 -7.814168e-04
      vertex 4.500000e-03 2.000000e-04 0.000000e+00
      vertex 4.500000e-03 4.200000e-03 0.000000e+00
    endloop
  endfacet
  facet normal -9.961947e-01 0.000000e+00 8.715560e-02
    outer loop
      vertex 4.431635e-03 2.000000e-04 -7.814168e-04
      vertex 4.500000e-03 4.200000e-03 0.000000e+00
      vertex 4.431635e-03 4.200000e-03 -7.814168e-04
    endloop
  endfacet
  facet normal -0.000000e+00 1.000000e+00 0.000000e+00
    outer loop
      vertex 0.000000e+00 2.000000e-04 0.000000e+00
      vertex 4.500000e-03 2.000000e-04 0.000000e+00
      vertex 4.431635e-03 2.000000e-04 -7.814168e-04
    endloop
  endfacet
  facet normal 0.000000e+00 -1.000000e+00 0.000000e+00
    outer loop
      vertex 0.000000e+00 4.200000e-03 0.000000e+00
      vertex 4.431635e-03 4.200000e-03 -7.814168e-04
      vertex 4.500000e-03 4.200000e-03 0.000000e+00
    endloop
  endfacet
  facet normal -9.951847e-01 0.000000e+00 -9.801779e-02
    outer loop
      vertex 3.300000e-03 3.000000e-03 0.000000e+00
      vertex 3.236591e-03 3.000000e-03 6.437981e-04
      vertex 3.236591e-03 1.100000e-02 6.437981e-04
    endloop
  endfacet
  facet normal -9.951847e-01 0.000000e+00 -9.801779e-02
    outer loop
      vertex 3.300000e-03 3.000000e-03 0.000000e+00
      vertex 3.236591e-03 1.100000e-02 6.437981e-04
      vertex 3.300000e-03 1.100000e-02 0.000000e+00
    endloop
  endfacet
  facet normal 0.000000e+00 1.000000e+00 0.000000e+00
    outer loop
      vertex 0.000000e+00 3.000000e-03 0.000000e+00
      vertex 3.236591e-03 3.000000e-03 6.437981e-04
      vertex 3.300000e-03 3.000000e-03 0.000000e+00
    endloop
  endfacet
  facet normal 0.000000e+00 -1.000000e+00 0.000000e+00
    outer loop
      vertex 0.000000e+00 1.100000e-02 0.000000e+00
      vertex 3.300000e-03 1.100000e-02 0.000000e+00
      vertex 3.236591e-03 1.100000e-02 6.437981e-04
    endloop
  endfacet
  facet normal -9.569403e-01 0.000000e+00 -2.902849e-01
    outer loop
      vertex 3.236591e-03 3.000000e-03 6.437981e-04
      vertex 3.048802e-03 3.000000e-03 1.262855e-03
      vertex 3.048802e-03 1.100000e-02 1.262855e-03
    endloop
  endfacet
  facet normal -9.569403e-01 0.000000e+00 -2.902849e-01
    outer loop
      vertex 3.236591e-03 3.000000e-03 6.437981e-04
      vertex 3.048802e-03 1.100000e-02 1.262855e-03
      vertex 3.236591e-03 1.100000e-02 6.437981e-04
    endloop
  endfacet
  facet normal 0.000000e+00 1.000000e+00 0.000000e+00
    outer loop
      vertex 0.000000e+00 3.000000e-03 0.000000e+00
      vertex 3.048802e-03 3.000000e-03 1.262855e-03
      vertex 3.236591e-03 3.000000e-03 6.437981e-04
    endloop
  endfacet
  facet normal 0.000000e+00 -1.000000e+00 0.000000e+00
    outer loop
      vertex 0.000000e+00 1.100000e-02 0.000000e+00
      vertex 3.236591e-03 1.100000e-02 6.437981e-04
      vertex 3.048802e-03 1.100000e-02 1.262855e-03
    endloop
  endfacet
  facet normal -8.819219e-01 0.000000e+00 -4.713955e-01
    outer loop
      vertex 3.048802e-03 3.000000e-03 1.262855e-03
      vertex 2.743850e-03 3.000000e-03 1.833382e-03
      vertex 2.743850e-03 1.100000e-02 1.833382e-03
    endloop
  endfacet
  facet normal -8.819219e-01 0.000000e+00 -4.713955e-01
    outer loop
      vertex 3.048802e-03 3.000000e-03 1.262855e-03
      vertex 2.743850e-03 1.100000e-02 1.833382e-03
      vertex 3.048802e-03 1.100000e-02 1.262855e-03
    endloop
  endfacet
  facet normal 0.000000e+00 1.000000e+00 0.000000e+00
    outer loop
      vertex 0.000000e+00 3.000000e-03 0.000000e+00
      vertex 2.743850e-03 3.000000e-03 1.833382e-03
      vertex 3.048802e-03 3.000000e-03 1.262855e-03
    endloop
  endfacet
  facet normal 0.000000e+00 -1.000000e+00 0.000000e+00
    outer loop
      vertex 0.000000e+00 1.100000e-02 0.000000e+00
      vertex 3.048802e-03 1.100000e-02 1.262855e-03
      vertex 2.743850e-03 1.100000e-02 1.833382e-03
    endloop
  endfacet
  facet normal -7.730096e-01 0.000000e+00 -6.343944e-01
    outer loop
      vertex 2.743850e-03 3.000000e-03 1.833382e-03
      vertex 2.333452e-03 3.000000e-03 2.333452e-03
      vertex 2.333452e-03 1.100000e-02 2.333452e-03
    endloop
  endfacet
  facet normal -7.730096e-01 0.000000e+00 -6.343944e-01
    outer loop
      vertex 2.743850e-03 3.000000e-03 1.833382e-03
      vertex 2.333452e-03 1.100000e-02 2.333452e-03
      vertex 2.743850e-03 1.100000e-02 1.833382e-03
    endloop
  endfacet
  facet normal 0.000000e+00 1.000000e+00 0.000000e+00
    outer loop
      vertex 0.000000e+00 3.000000e-03 0.000000e+00
      vertex 2.333452e-03 3.000000e-03 2.333452e-03
      vertex 2.743850e-03 3.000000e-03 1.833382e-03
    endloop
  endfacet
  facet normal 0.000000e+00 -1.000000e+00 0.000000e+00
    outer loop
      vertex 0.000000e+00 1.100000e-02 0.000000e+00
      vertex 2.743850e-03 1.100000e-02 1.833382e-03
      vertex 2.333452e-03 1.100000e-02 2.333452e-03
    endloop
  endfacet
  facet normal -6.343944e-01 0.000000e+00 -7.730096e-01
    outer loop
      vertex 2.333452e-03 3.000000e-03 2.333452e-03
      vertex 1.833382e-03 3.000000e-03 2.743850e-03
      vertex 1.833382e-03 1.100000e-02 2.743850e-03
    endloop
  endfacet
  facet normal -6.343944e-01 0.000000e+00 -7.730096e-01
    outer loop
      vertex 2.333452e-03 3.000000e-03 2.333452e-03
      vertex 1.833382e-03 1.100000e-02 2.743850e-03
      vertex 2.333452e-03 1.100000e-02 2.333452e-03
    endloop
  endfacet
  facet normal 0.000000e+00 1.000000e+00 0.000000e+00
    outer loop
      vertex 0.000000e+00 3.000000e-03 0.000000e+00
      vertex 1.833382e-03 3.000000e-03 2.743850e-03
      vertex 2.333452e-03 3.000000e-03 2.333452e-03
    endloop
  endfacet
  facet normal 0.000000e+00 -1.000000e+00 0.000000e+00
    outer loop
      vertex 0.000000e+00 1.100000e-02 0.000000e+00
      vertex 2.333452e-03 1.100000e-02 2.333452e-03
      vertex 1.833382e-03 1.100000e-02 2.743850e-03
    endloop
  endfacet
  facet normal -4.713955e-01 0.000000e+00 -8.819219e-01
    outer loop
      vertex 1.833382e-03 3.000000e-03 2.743850e-03
      vertex 1.262855e-03 3.000000e-03 3.048802e-03
      vertex 1.262855e-03 1.100000e-02 3.048802e-03
    endloop
  endfacet
  facet normal -4.713955e-01 0.000000e+00 -8.819219e-01
    outer loop
      vertex 1.833382e-03 3.000000e-03 2.743850e-03
      vertex 1.262855e-03 1.100000e-02 3.048802e-03
      vertex 1.833382e-03 1.100000e-02 2.743850e-03
    endloop
  endfacet
  facet normal 0.000000e+00 1.000000e+00 0.000000e+00
    outer loop
      vertex 0.000000e+00 3.000000e-03 0.000000e+00
      vertex 1.262855e-03 3.000000e-03 3.048802e-03
      vertex 1.833382e-03 3.000000e-03 2.743850e-03
    endloop
  endfacet
  facet normal 0.000000e+00 -1.000000e+00 0.000000e+00
    outer loop
      vertex 0.000000e+00 1.100000e-02 0.000000e+00
      vertex 1.833382e-03 1.100000e-02 2.743850e-03
      vertex 1.262855e-03 1.100000e-02 3.048802e-03
    endloop
  endfacet
  facet normal -2.902849e-01 0.000000e+00 -9.569403e-01
    outer loop
      vertex 1.262855e-03 3.000000e-03 3.048802e-03
      vertex 6.437981e-04 3.000000e-03 3.236591e-03
      vertex 6.437981e-04 1.100000e-02 3.236591e-03
    endloop
  endfacet
  facet normal -2.902849e-01 0.000000e+00 -9.569403e-01
    outer loop
      vertex 1.262855e-03 3.000000e-03 3.048802e-03
      vertex 6.437981e-04 1.100000e-02 3.236591e-03
      vertex 1.262855e-03 1.100000e-02 3.048802e-03
    endloop
  endfacet
  facet normal 0.000000e+00 1.000000e+00 0.000000e+00
    outer loop
      vertex 0.000000e+00 3.000000e-03 0.000000e+00
      vertex 6.437981e-04 3.000000e-03 3.236591e-03
      vertex 1.262855e-03 3.000000e-03 3.048802e-03
    endloop
  endfacet
  facet normal 0.000000e+00 -1.000000e+00 0.000000e+00
    outer loop
      vertex 0.000000e+00 1.100000e-02 0.000000e+00
      vertex 1.262855e-03 1.100000e-02 3.048802e-03
      vertex 6.437981e-04 1.100000e-02 3.236591e-03
    endloop
  endfacet
  facet normal -9.801779e-02 0.000000e+00 -9.951847e-01
    outer loop
      vertex 6.437981e-04 3.000000e-03 3.236591e-03
      vertex 2.020667e-19 3.000000e-03 3.300000e-03
      vertex 2.020667e-19 1.100000e-02 3.300000e-03
    endloop
  endfacet
  facet normal -9.801779e-02 0.000000e+00 -9.951847e-01
    outer loop
      vertex 6.437981e-04 3.000000e-03 3.236591e-03
      vertex 2.020667e-19 1.100000e-02 3.300000e-03
      vertex 6.437981e-04 1.100000e-02 3.236591e-03
    endloop
  endfacet
  facet normal 0.000000e+00 1.000000e+00 0.000000e+00
    outer loop
      vertex 0.000000e+00 3.000000e-03 0.000000e+00
      vertex 2.020667e-19 3.000000e-03 3.300000e-03
      vertex 6.437981e-04 3.000000e-03 3.236591e-03
    endloop
  endfacet
  facet normal 0.000000e+00 -1.000000e+00 0.000000e+00
    outer loop
      vertex 0.000000e+00 1.100000e-02 0.000000e+00
      vertex 6.437981e-04 1.100000e-02 3.236591e-03
      vertex 2.020667e-19 1.100000e-02 3.300000e-03
    endloop
  endfacet
  facet normal 9.801779e-02 0.000000e+00 -9.951847e-01
    outer loop
      vertex 2.020667e-19 3.000000e-03 3.300000e-03
      vertex -6.437981e-04 3.000000e-03 3.236591e-03
      vertex -6.437981e-04 1.100000e-02 3.236591e-03
    endloop
  endfacet
  facet normal 9.801779e-02 0.000000e+00 -9.951847e-01
    outer loop
      vertex 2.020667e-19 3.000000e-03 3.300000e-03
      vertex -6.437981e-04 1.100000e-02 3.236591e-03
      vertex 2.020667e-19 1.100000e-02 3.300000e-03
    endloop
  endfacet
  facet normal 0.000000e+00 1.000000e+00 -0.000000e+00
    outer loop
      vertex 0.000000e+00 3.000000e-03 0.000000e+00
      vertex -6.437981e-04 3.000000e-03 3.236591e-03
      vertex 2.020667e-19 3.000000e-03 3.300000e-03
    endloop
  endfacet
  facet normal 0.000000e+00 -1.000000e+00 0.000000e+00
    outer loop
      vertex 0.000000e+00 1.100000e-02 0.000000e+00
      vertex 2.020667e-19 1.100000e-02 3.300000e-03
      vertex -6.437981e-04 1.100000e-02 3.236591e-03
    endloop
  endfacet
  facet normal 2.902849e-01 0.000000e+00 -9.569403e-01
    outer loop
      vertex -6.437981e-04 3.000000e-03 3.236591e-03
      vertex -1.262855e-03 3.000000e-03 3.048802e-03
      vertex -1.262855e-03 1.100000e-02 3.048802e-03
    endloop
  endfacet
  facet normal 2.902849e-01 0.000000e+00 -9.569403e-01
    outer loop
      vertex -6.437981e-04 3.000000e-03 3.236591e-03
      vertex -1.262855e-03 1.100000e-02 3.048802e-03
      vertex -6.437981e-04 1.100000e-02 3.236591e-03
    endloop
  endfacet
  facet normal 0.000000e+00 1.000000e+00 0.000000e+00
    outer loop
      vertex 0.000000e+00 3.000000e-03 0.000000e+00
      vertex -1.262855e-03 3.000000e-03 3.048802e-03
      vertex -6.437981e-04 3.000000e-03 3.236591e-03
    endloop
  endfacet
  facet normal 0.000000e+00 -1.000000e+00 0.000000e+00
    outer loop
      vertex 0.000000e+00 1.100000e-02 0.000000e+00
      vertex -6.437981e-04 1.100000e-02 3.236591e-03
      vertex -1.262855e-03 1.100000e-02 3.048802e-03
    endloop
  endfacet
  facet normal 4.713955e-01 0.000000e+00 -8.819219e-01
    outer loop
      vertex -1.262855e-03 3.000000e-03 3.048802e-03
      vertex -1.833382e-03 3.000000e-03 2.743850e-03
      vertex -1.833382e-03 1.100000e-02 2.743850e-03
    endloop
  endfacet
  facet normal 4.713955e-01 0.000000e+00 -8.819219e-01
    outer loop
      vertex -1.262855e-03 3.000000e-03 3.048802e-03
      vertex -1.833382e-03 1.100000e-02 2.743850e-03
      vertex -1.262855e-03 1.100000e-02 3.048802e-03
    endloop
  endfacet
  facet normal 0.000000e+00 1.000000e+00 0.000000e+00
    outer loop
      vertex 0.000000e+00 3.000000e-03 0.000000e+00
      vertex -1.833382e-03 3.000000e-03 2.743850e-03
      vertex -1.262855e-03 3.000000e-03 3.048802e-03
    endloop
  endfacet
  facet normal 0.000000e+00 -1.000000e+00 0.000000e+00
    outer loop
      vertex 0.000000e+00 1.100000e-02 0.000000e+00
      vertex -1.262855e-03 1.100000e-02 3.048802e-03
      vertex -1.833382e-03 1.100000e-02 2.743850e-03
    endloop
  endfacet
  facet normal 6.343944e-01 0.000000e+00 -7.730096e-01
    outer loop
      vertex -1.833382e-03 3.000000e-03 2.743850e-03
      vertex -2.333452e-03 3.000000e-03 2.333452e-03
      vertex -2.333452e-03 1.100000e-02 2.333452e-03
    endloop
  endfacet
  facet normal 6.343944e-01 0.000000e+00 -7.730096e-01
    outer loop
      vertex -1.833382e-03 3.000000e-03 2.743850e-03
      vertex -2.333452e-03 1.100000e-02 2.333452e-03
      vertex -1.833382e-03 1.100000e-02 2.743850e-03
    endloop
  endfacet
  facet normal 0.000000e+00 1.000000e+00 0.000000e+00
    outer loop
      vertex 0.000000e+00 3.000000e-03 0.000000e+00
      vertex -2.333452e-03 3.000000e-03 2.333452e-03
      vertex -1.833382e-03 3.000000e-03 2.743850e-03
    endloop
  endfacet
  facet normal 0.000000e+00 -1.000000e+00 0.000000e+00
    outer loop
      vertex 0.000000e+00 1.100000e-02 0.000000e+00
      vertex -1.833382e-03 1.100000e-02 2.743850e-03
      vertex -2.333452e-03 1.100000e-02 2.333452e-03
    endloop
  endfacet
  facet normal 7.730096e-01 0.000000e+00 -6.343944e-01
    outer loop
      vertex -2.333452e-03 3.000000e-03 2.333452e-03
      vertex -2.743850e-03 3.000000e-03 1.833382e-03
      vertex -2.743850e-03 1.100000e-02 1.833382e-03
    endloop
  endfacet
  facet normal 7.730096e-01 0.000000e+00 -6.343944e-01
    outer loop
      vertex -2.333452e-03 3.000000e-03 2.333452e-03
      vertex -2.743850e-03 1.100000e-02 1.833382e-03
      vertex -2.333452e-03 1.100000e-02 2.333452e-03
    endloop
  endfacet
  facet normal 0.000000e+00 1.000000e+00 0.000000e+00
    outer loop
      vertex 0.000000e+00 3.000000e-03 0.000000e+00
      vertex -2.743850e-03 3.000000e-03 1.833382e-03
      vertex -2.333452e-03 3.000000e-03 2.333452e-03
    endloop
  endfacet
  facet normal 0.000000e+00 -1.000000e+00 0.000000e+00
    outer loop
      vertex 0.000000e+00 1.100000e-02 0.000000e+00
      vertex -2.333452e-03 1.100000e-02 2.333452e-03
      vertex -2.743850e-03 1.100000e-02 1.833382e-03
    endloop
  endfacet
  facet normal 8.819219e-01 0.000000e+00 -4.713955e-01
    outer loop
      vertex -2.743850e-03 3.000000e-03 1.833382e-03
      vertex -3.048802e-03 3.000000e-03 1.262855e-03
      vertex -3.048802e-03 1.100000e-02 1.262855e-03
    endloop
  endfacet
  facet normal 8.819219e-01 0.000000e+00 -4.713955e-01
    outer loop
      vertex -2.743850e-03 3.000000e-03 1.833382e-03
      vertex -3.048802e-03 1.100000e-02 1.262855e-03
      vertex -2.743850e-03 1.100000e-02 1.833382e-03
    endloop
  endfacet
  facet normal 0.000000e+00 1.000000e+00 0.000000e+00
    outer loop
      vertex 0.000000e+00 3.000000e-03 0.000000e+00
      vertex -3.048802e-03 3.000000e-03 1.262855e-03
      vertex -2.743850e-03 3.000000e-03 1.833382e-03
    endloop
  endfacet
  facet normal 0.000000e+00 -1.000000e+00 0.000000e+00
    outer loop
      vertex 0.000000e+00 1.100000e-02 0.000000e+00
      vertex -2.743850e-03 1.100000e-02 1.833382e-03
      vertex -3.048802e-03 1.100000e-02 1.262855e-03
    endloop
  endfacet
  facet normal 9.569403e-01 0.000000e+00 -2.902849e-01
    outer loop
      vertex -3.048802e-03 3.000000e-03 1.262855e-03
      vertex -3.236591e-03 3.000000e-03 6.437981e-04
      vertex -3.236591e-03 1.100000e-02 6.437981e-04
    endloop
  endfacet
  facet normal 9.569403e-01 0.000000e+00 -2.902849e-01
    outer loop
      vertex -3.048802e-03 3.000000e-03 1.262855e-03
      vertex -3.236591e-03 1.100000e-02 6.437981e-04
      vertex -3.048802e-03 1.100000e-02 1.262855e-03
    endloop
  endfacet
  facet normal 0.000000e+00 1.000000e+00 0.000000e+00
    outer loop
      vertex 0.000000e+00 3.000000e-03 0.000000e+00
      vertex -3.236591e-03 3.000000e-03 6.437981e-04
      vertex -3.048802e-03 3.000000e-03 1.262855e-03
    endloop
  endfacet
  facet normal 0.000000e+00 -1.000000e+00 0.000000e+00
    outer loop
      vertex 0.000000e+00 1.100000e-02 0.000000e+00
      vertex -3.048802e-03 1.100000e-02 1.262855e-03
      vertex -3.236591e-03 1.100000e-02 6.437981e-04
    endloop
  endfacet
  facet normal 9.951847e-01 0.000000e+00 -9.801779e-02
    outer loop
      vertex -3.236591e-03 3.000000e-03 6.437981e-04
      vertex -3.300000e-03 3.000000e-03 4.041334e-19
      vertex -3.300000e-03 1.100000e-02 4.041334e-19
    endloop
  endfacet
  facet normal 9.951847e-01 0.000000e+00 -9.801779e-02
    outer loop
      vertex -3.236591e-03 3.000000e-03 6.437981e-04
      vertex -3.300000e-03 1.100000e-02 4.041334e-19
      vertex -3.236591e-03 1.100000e-02 6.437981e-04
    endloop
  endfacet
  facet normal 0.000000e+00 1.000000e+00 0.000000e+00
    outer loop
      vertex 0.000000e+00 3.000000e-03 0.000000e+00
      vertex -3.300000e-03 3.000000e-03 4.041334e-19
      vertex -3.236591e-03 3.000000e-03 6.437981e-04
    endloop
  endfacet
  facet normal 0.000000e+00 -1.000000e+00 0.000000e+00
    outer loop
      vertex 0.000000e+00 1.100000e-02 0.000000e+00
      vertex -3.236591e-03 1.100000e-02 6.437981e-04
      vertex -3.300000e-03 1.100000e-02 4.041334e-19
    endloop
  endfacet
  facet normal 9.951847e-01 0.000000e+00 9.801779e-02
    outer loop
      vertex -3.300000e-03 3.000000e-03 4.041334e-19
      vertex -3.236591e-03 3.000000e-03 -6.437981e-04
      vertex -3.236591e-03 1.100000e-02 -6.437981e-04
    endloop
  endfacet
  facet normal 9.951847e-01 -0.000000e+00 9.801779e-02
    outer loop
      vertex -3.300000e-03 3.000000e-03 4.041334e-19
      vertex -3.236591e-03 1.100000e-02 -6.437981e-04
      vertex -3.300000e-03 1.100000e-02 4.041334e-19
    endloop
  endfacet
  facet normal 0.000000e+00 1.000000e+00 0.000000e+00
    outer loop
      vertex 0.000000e+00 3.000000e-03 0.000000e+00
      vertex -3.236591e-03 3.000000e-03 -6.437981e-04
      vertex -3.300000e-03 3.000000e-03 4.041334e-19
    endloop
  endfacet
  facet normal -0.000000e+00 -1.000000e+00 0.000000e+00
    outer loop
      vertex 0.000000e+00 1.100000e-02 0.000000e+00
      vertex -3.300000e-03 1.100000e-02 4.041334e-19
      vertex -3.236591e-03 1.100000e-02 -6.437981e-04
    endloop
  endfacet
  facet normal 9.569403e-01 0.000000e+00 2.902849e-01
    outer loop
      vertex -3.236591e-03 3.000000e-03 -6.437981e-04
      vertex -3.048802e-03 3.000000e-03 -1.262855e-03
      vertex -3.048802e-03 1.100000e-02 -1.262855e-03
    endloop
  endfacet
  facet normal 9.569403e-01 -0.000000e+00 2.902849e-01
    outer loop
      vertex -3.236591e-03 3.000000e-03 -6.437981e-04
      vertex -3.048802e-03 1.100000e-02 -1.262855e-03
      vertex -3.236591e-03 1.100000e-02 -6.437981e-04
    endloop
  endfacet
  facet normal 0.000000e+00 1.000000e+00 0.000000e+00
    outer loop
      vertex 0.000000e+00 3.000000e-03 0.000000e+00
      vertex -3.048802e-03 3.000000e-03 -1.262855e-03
      vertex -3.236591e-03 3.000000e-03 -6.437981e-04
    endloop
  endfacet
  facet normal 0.000000e+00 -1.000000e+00 0.000000e+00
    outer loop
      vertex 0.000000e+00 1.100000e-02 0.000000e+00
      vertex -3.236591e-03 1.100000e-02 -6.437981e-04
      vertex -3.048802e-03 1.100000e-02 -1.262855e-03
    endloop
  endfacet
  facet normal 8.819219e-01 0.000000e+00 4.713955e-01
    outer loop
      vertex -3.048802e-03 3.000000e-03 -1.262855e-03
      vertex -2.743850e-03 3.000000e-03 -1.833382e-03
      vertex -2.743850e-03 1.100000e-02 -1.833382e-03
    endloop
  endfacet
  facet normal 8.819219e-01 -0.000000e+00 4.713955e-01
    outer loop
      vertex -3.048802e-03 3.000000e-03 -1.262855e-03
      vertex -2.743850e-03 1.100000e-02 -1.833382e-03
      vertex -3.048802e-03 1.100000e-02 -1.262855e-03
    endloop
  endfacet
  facet normal 0.000000e+00 1.000000e+00 0.000000e+00
    outer loop
      vertex 0.000000e+00 3.000000e-03 0.000000e+00
      vertex -2.743850e-03 3.000000e-03 -1.833382e-03
      vertex -3.048802e-03 3.000000e-03 -1.262855e-03
    endloop
  endfacet
  facet normal 0.000000e+00 -1.000000e+00 0.000000e+00
    outer loop
      vertex 0.000000e+00 1.100000e-02 0.000000e+00
      vertex -3.048802e-03 1.100000e-02 -1.262855e-03
      vertex -2.743850e-03 1.100000e-02 -1.833382e-03
    endloop
  endfacet
  facet normal 7.730096e-01 0.000000e+00 6.343944e-01
    outer loop
      vertex -2.743850e-03 3.000000e-03 -1.833382e-03
      vertex -2.333452e-03 3.000000e-03 -2.333452e-03
      vertex -2.333452e-03 1.100000e-02 -2.333452e-03
    endloop
  endfacet
  facet normal 7.730096e-01 -0.000000e+00 6.343944e-01
    outer loop
      vertex -2.743850e-03 3.000000e-03 -1.833382e-03
      vertex -2.333452e-03 1.100000e-02 -2.333452e-03
      vertex -2.743850e-03 1.100000e-02 -1.833382e-03
    endloop
  endfacet
  facet normal 0.000000e+00 1.000000e+00 0.000000e+00
    outer loop
      vertex 0.000000e+00 3.000000e-03 0.000000e+00
      vertex -2.333452e-03 3.000000e-03 -2.333452e-03
      vertex -2.743850e-03 3.000000e-03 -1.833382e-03
    endloop
  endfacet
  facet normal 0.000000e+00 -1.000000e+00 0.000000e+00
    outer loop
      vertex 0.000000e+00 1.100000e-02 0.000000e+00
      vertex -2.743850e-03 1.100000e-02 -1.833382e-03
      vertex -2.333452e-03 1.100000e-02 -2.333452e-03
    endloop
  endfacet
  facet normal 6.343944e-01 0.000000e+00 7.730096e-01
    outer loop
      vertex -2.333452e-03 3.000000e-03 -2.333452e-03
      vertex -1.833382e-03 3.000000e-03 -2.743850e-03
      vertex -1.833382e-03 1.100000e-02 -2.743850e-03
    endloop
  endfacet
  facet normal 6.343944e-01 -0.000000e+00 7.730096e-01
    outer loop
      vertex -2.333452e-03 3.000000e-03 -2.333452e-03
      vertex -1.833382e-03 1.100000e-02 -2.743850e-03
      vertex -2.333452e-03 1.100000e-02 -2.333452e-03
    endloop
  endfacet
  facet normal 0.000000e+00 1.000000e+00 0.000000e+00
    outer loop
      vertex 0.000000e+00 3.000000e-03 0.000000e+00
      vertex -1.833382e-03 3.000000e-03 -2.743850e-03
      vertex -2.333452e-03 3.000000e-03 -2.333452e-03
    endloop
  endfacet
  facet normal 0.000000e+00 -1.000000e+00 0.000000e+00
    outer loop
      vertex 0.000000e+00 1.100000e-02 0.000000e+00
      vertex -2.333452e-03 1.100000e-02 -2.333452e-03
      vertex -1.833382e-03 1.100000e-02 -2.743850e-03
    endloop
  endfacet
  facet normal 4.713955e-01 0.000000e+00 8.819219e-01
    outer loop
      vertex -1.833382e-03 3.000000e-03 -2.743850e-03
      vertex -1.262855e-03 3.000000e-03 -3.048802e-03
      vertex -1.262855e-03 1.100000e-02 -3.048802e-03
    endloop
  endfacet
  facet normal 4.713955e-01 -0.000000e+00 8.819219e-01
    outer loop
      vertex -1.833382e-03 3.000000e-03 -2.743850e-03
      vertex -1.262855e-03 1.100000e-02 -3.048802e-03
      vertex -1.833382e-03 1.100000e-02 -2.743850e-03
    endloop
  endfacet
  facet normal 0.000000e+00 1.000000e+00 0.000000e+00
    outer loop
      vertex 0.000000e+00 3.000000e-03 0.000000e+00
      vertex -1.262855e-03 3.000000e-03 -3.048802e-03
      vertex -1.833382e-03 3.000000e-03 -2.743850e-03
    endloop
  endfacet
  facet normal 0.000000e+00 -1.000000e+00 0.000000e+00
    outer loop
      vertex 0.000000e+00 1.100000e-02 0.000000e+00
      vertex -1.833382e-03 1.100000e-02 -2.743850e-03
      vertex -1.262855e-03 1.100000e-02 -3.048802e-03
    endloop
  endfacet
  facet normal 2.902849e-01 0.000000e+00 9.569403e-01
    outer loop
      vertex -1.262855e-03 3.000000e-03 -3.048802e-03
      vertex -6.437981e-04 3.000000e-03 -3.236591e-03
      vertex -6.437981e-04 1.100000e-02 -3.236591e-03
    endloop
  endfacet
  facet normal 2.902849e-01 -0.000000e+00 9.569403e-01
    outer loop
      vertex -1.262855e-03 3.000000e-03 -3.048802e-03
      vertex -6.437981e-04 1.100000e-02 -3.236591e-03
      vertex -1.262855e-03 1.100000e-02 -3.048802e-03
    endloop
  endfacet
  facet normal 0.000000e+00 1.000000e+00 0.000000e+00
    outer loop
      vertex 0.000000e+00 3.000000e-03 0.000000e+00
      vertex -6.437981e-04 3.000000e-03 -3.236591e-03
      vertex -1.262855e-03 3.000000e-03 -3.048802e-03
    endloop
  endfacet
  facet normal 0.000000e+00 -1.000000e+00 0.000000e+00
    outer loop
      vertex 0.000000e+00 1.100000e-02 0.000000e+00
      vertex -1.262855e-03 1.100000e-02 -3.048802e-03
      vertex -6.437981e-04 1.100000e-02 -3.236591e-03
    endloop
  endfacet
  facet normal 9.801779e-02 0.000000e+00 9.951847e-01
    outer loop
      vertex -6.437981e-04 3.000000e-03 -3.236591e-03
      vertex -6.062002e-19 3.000000e-03 -3.300000e-03
      vertex -6.062002e-19 1.100000e-02 -3.300000e-03
    endloop
  endfacet
  facet normal 9.801779e-02 -0.000000e+00 9.951847e-01
    outer loop
      vertex -6.437981e-04 3.000000e-03 -3.236591e-03
      vertex -6.062002e-19 1.100000e-02 -3.300000e-03
      vertex -6.437981e-04 1.100000e-02 -3.236591e-03
    endloop
  endfacet
  facet normal 0.000000e+00 1.000000e+00 0.000000e+00
    outer loop
      vertex 0.000000e+00 3.000000e-03 0.000000e+00
      vertex -6.062002e-19 3.000000e-03 -3.300000e-03
      vertex -6.437981e-04 3.000000e-03 -3.236591e-03
    endloop
  endfacet
  facet normal 0.000000e+00 -1.000000e+00 0.000000e+00
    outer loop
      vertex 0.000000e+00 1.100000e-02 0.000000e+00
      vertex -6.437981e-04 1.100000e-02 -3.236591e-03
      vertex -6.062002e-19 1.100000e-02 -3.300000e-03
    endloop
  endfacet
  facet normal -9.801779e-02 0.000000e+00 9.951847e-01
    outer loop
      vertex -6.062002e-19 3.000000e-03 -3.300000e-03
      vertex 6.437981e-04 3.000000e-03 -3.236591e-03
      vertex 6.437981e-04 1.100000e-02 -3.236591e-03
    endloop
  endfacet
  facet normal -9.801779e-02 0.000000e+00 9.951847e-01
    outer loop
      vertex -6.062002e-19 3.000000e-03 -3.300000e-03
      vertex 6.437981e-04 1.100000e-02 -3.236591e-03
      vertex -6.062002e-19 1.100000e-02 -3.300000e-03
    endloop
  endfacet
  facet normal 0.000000e+00 1.000000e+00 0.000000e+00
    outer loop
      vertex 0.000000e+00 3.000000e-03 0.000000e+00
      vertex 6.437981e-04 3.000000e-03 -3.236591e-03
      vertex -6.062002e-19 3.000000e-03 -3.300000e-03
    endloop
  endfacet
  facet normal 0.000000e+00 -1.000000e+00 -0.000000e+00
    outer loop
      vertex 0.000000e+00 1.100000e-02 0.000000e+00
      vertex -6.062002e-19 1.100000e-02 -3.300000e-03
      vertex 6.437981e-04 1.100000e-02 -3.236591e-03
    endloop
  endfacet
  facet normal -2.902849e-01 0.000000e+00 9.569403e-01
    outer loop
      vertex 6.437981e-04 3.000000e-03 -3.236591e-03
      vertex 1.262855e-03 3.000000e-03 -3.048802e-03
      vertex 1.262855e-03 1.100000e-02 -3.048802e-03
    endloop
  endfacet
  facet normal -2.902849e-01 0.000000e+00 9.569403e-01
    outer loop
      vertex 6.437981e-04 3.000000e-03 -3.236591e-03
      vertex 1.262855e-03 1.100000e-02 -3.048802e-03
      vertex 6.437981e-04 1.100000e-02 -3.236591e-03
    endloop
  endfacet
  facet normal 0.000000e+00 1.000000e+00 0.000000e+00
    outer loop
      vertex 0.000000e+00 3.000000e-03 0.000000e+00
      vertex 1.262855e-03 3.000000e-03 -3.048802e-03
      vertex 6.437981e-04 3.000000e-03 -3.236591e-03
    endloop
  endfacet
  facet normal 0.000000e+00 -1.000000e+00 0.000000e+00
    outer loop
      vertex 0.000000e+00 1.100000e-02 0.000000e+00
      vertex 6.437981e-04 1.100000e-02 -3.236591e-03
      vertex 1.262855e-03 1.100000e-02 -3.048802e-03
    endloop
  endfacet
  facet normal -4.713955e-01 0.000000e+00 8.819219e-01
    outer loop
      vertex 1.262855e-03 3.000000e-03 -3.048802e-03
      vertex 1.833382e-03 3.000000e-03 -2.743850e-03
      vertex 1.833382e-03 1.100000e-02 -2.743850e-03
    endloop
  endfacet
  facet normal -4.713955e-01 0.000000e+00 8.819219e-01
    outer loop
      vertex 1.262855e-03 3.000000e-03 -3.048802e-03
      vertex 1.833382e-03 1.100000e-02 -2.743850e-03
      vertex 1.262855e-03 1.100000e-02 -3.048802e-03
    endloop
  endfacet
  facet normal 0.000000e+00 1.000000e+00 0.000000e+00
    outer loop
      vertex 0.000000e+00 3.000000e-03 0.000000e+00
      vertex 1.833382e-03 3.000000e-03 -2.743850e-03
      vertex 1.262855e-03 3.000000e-03 -3.048802e-03
    endloop
  endfacet
  facet normal 0.000000e+00 -1.000000e+00 0.000000e+00
    outer loop
      vertex 0.000000e+00 1.100000e-02 0.000000e+00
      vertex 1.262855e-03 1.100000e-02 -3.048802e-03
      vertex 1.833382e-03 1.100000e-02 -2.743850e-03
    endloop
  endfacet
  facet normal -6.343944e-01 0.000000e+00 7.730096e-01
    outer loop
      vertex 1.833382e-03 3.000000e-03 -2.743850e-03
      vertex 2.333452e-03 3.000000e-03 -2.333452e-03
      vertex 2.333452e-03 1.100000e-02 -2.333452e-03
    endloop
  endfacet
  facet normal -6.343944e-01 0.000000e+00 7.730096e-01
    outer loop
      vertex 1.833382e-03 3.000000e-03 -2.743850e-03
      vertex 2.333452e-03 1.100000e-02 -2.333452e-03
      vertex 1.833382e-03 1.100000e-02 -2.743850e-03
    endloop
  endfacet
  facet normal 0.000000e+00 1.000000e+00 0.000000e+00
    outer loop
      vertex 0.000000e+00 3.000000e-03 0.000000e+00
      vertex 2.333452e-03 3.000000e-03 -2.333452e-03
      vertex 1.833382e-03 3.000000e-03 -2.743850e-03
    endloop
  endfacet
  facet normal 0.000000e+00 -1.000000e+00 0.000000e+00
    outer loop
      vertex 0.000000e+00 1.100000e-02 0.000000e+00
      vertex 1.833382e-03 1.100000e-02 -2.743850e-03
      vertex 2.333452e-03 1.100000e-02 -2.333452e-03
    endloop
  endfacet
  facet normal -7.730096e-01 0.000000e+00 6.343944e-01
    outer loop
      vertex 2.333452e-03 3.000000e-03 -2.333452e-03
      vertex 2.743850e-03 3.000000e-03 -1.833382e-03
      vertex 2.743850e-03 1.100000e-02 -1.833382e-03
    endloop
  endfacet
  facet normal -7.730096e-01 0.000000e+00 6.343944e-01
    outer loop
      vertex 2.333452e-03 3.000000e-03 -2.333452e-03
      vertex 2.743850e-03 1.100000e-02 -1.833382e-03
      vertex 2.333452e-03 1.100000e-02 -2.333452e-03
    endloop
  endfacet
  facet normal 0.000000e+00 1.000000e+00 0.000000e+00
    outer loop
      vertex 0.000000e+00 3.000000e-03 0.000000e+00
      vertex 2.743850e-03 3.000000e-03 -1.833382e-03
      vertex 2.333452e-03 3.000000e-03 -2.333452e-03
    endloop
  endfacet
  facet normal 0.000000e+00 -1.000000e+00 0.000000e+00
    outer loop
      vertex 0.000000e+00 1.100000e-02 0.000000e+00
      vertex 2.333452e-03 1.100000e-02 -2.333452e-03
      vertex 2.743850e-03 1.100000e-02 -1.833382e-03
    endloop
  endfacet
  facet normal -8.819219e-01 0.000000e+00 4.713955e-01
    outer loop
      vertex 2.743850e-03 3.000000e-03 -1.833382e-03
      vertex 3.048802e-03 3.000000e-03 -1.262855e-03
      vertex 3.048802e-03 1.100000e-02 -1.262855e-03
    endloop
  endfacet
  facet normal -8.819219e-01 0.000000e+00 4.713955e-01
    outer loop
      vertex 2.743850e-03 3.000000e-03 -1.833382e-03
      vertex 3.048802e-03 1.100000e-02 -1.262855e-03
      vertex 2.743850e-03 1.100000e-02 -1.833382e-03
    endloop
  endfacet
  facet normal 0.000000e+00 1.000000e+00 0.000000e+00
    outer loop
      vertex 0.000000e+00 3.000000e-03 0.000000e+00
      vertex 3.048802e-03 3.000000e-03 -1.262855e-03
      vertex 2.743850e-03 3.000000e-03 -1.833382e-03
    endloop
  endfacet
  facet normal 0.000000e+00 -1.000000e+00 0.000000e+00
    outer loop
      vertex 0.000000e+00 1.100000e-02 0.000000e+00
      vertex 2.743850e-03 1.100000e-02 -1.833382e-03
      vertex 3.048802e-03 1.100000e-02 -1.262855e-03
    endloop
  endfacet
  facet normal -9.569403e-01 0.000000e+00 2.902849e-01
    outer loop
      vertex 3.048802e-03 3.000000e-03 -1.262855e-03
      vertex 3.236591e-03 3.000000e-03 -6.437981e-04
      vertex 3.236591e-03 1.100000e-02 -6.437981e-04
    endloop
  endfacet
  facet normal -9.569403e-01 0.000000e+00 2.902849e-01
    outer loop
      vertex 3.048802e-03 3.000000e-03 -1.262855e-03
      vertex 3.236591e-03 1.100000e-02 -6.437981e-04
      vertex 3.048802e-03 1.100000e-02 -1.262855e-03
    endloop
  endfacet
  facet normal 0.000000e+00 1.000000e+00 0.000000e+00
    outer loop
      vertex 0.000000e+00 3.000000e-03 0.000000e+00
      vertex 3.236591e-03 3.000000e-03 -6.437981e-04
      vertex 3.048802e-03 3.000000e-03 -1.262855e-03
    endloop
  endfacet
  facet normal 0.000000e+00 -1.000000e+00 0.000000e+00
    outer loop
      vertex 0.000000e+00 1.100000e-02 0.000000e+00
      vertex 3.048802e-03 1.100000e-02 -1.262855e-03
      vertex 3.236591e-03 1.100000e-02 -6.437981e-04
    endloop
  endfacet
  facet normal -9.951847e-01 0.000000e+00 9.801779e-02
    outer loop
      vertex 3.236591e-03 3.000000e-03 -6.437981e-04
      vertex 3.300000e-03 3.000000e-03 0.000000e+00
      vertex 3.300000e-03 1.100000e-02 0.000000e+00
    endloop
  endfacet
  facet normal -9.951847e-01 0.000000e+00 9.801779e-02
    outer loop
      vertex 3.236591e-03 3.000000e-03 -6.437981e-04
      vertex 3.300000e-03 1.100000e-02 0.000000e+00
      vertex 3.236591e-03 1.100000e-02 -6.437981e-04
    endloop
  endfacet
  facet normal -0.000000e+00 1.000000e+00 0.000000e+00
    outer loop
      vertex 0.000000e+00 3.000000e-03 0.000000e+00
      vertex 3.300000e-03 3.000000e-03 0.000000e+00
      vertex 3.236591e-03 3.000000e-03 -6.437981e-04
    endloop
  endfacet
  facet normal 0.000000e+00 -1.000000e+00 0.000000e+00
    outer loop
      vertex 0.000000e+00 1.100000e-02 0.000000e+00
      vertex 3.236591e-03 1.100000e-02 -6.437981e-04
      vertex 3.300000e-03 1.100000e-02 0.000000e+00
    endloop
  endfacet
  facet normal -9.961947e-01 0.000000e+00 -8.715547e-02
    outer loop
      vertex 5.000000e-03 1.100000e-02 0.000000e+00
      vertex 4.924039e-03 1.100000e-02 8.682409e-04
      vertex 4.924039e-03 1.300000e-02 8.682409e-04
    endloop
  endfacet
  facet normal -9.961947e-01 0.000000e+00 -8.715547e-02
    outer loop
      vertex 5.000000e-03 1.100000e-02 0.000000e+00
      vertex 4.924039e-03 1.300000e-02 8.682409e-04
      vertex 5.000000e-03 1.300000e-02 0.000000e+00
    endloop
  endfacet
  facet normal 0.000000e+00 1.000000e+00 0.000000e+00
    outer loop
      vertex 0.000000e+00 1.100000e-02 0.000000e+00
      vertex 4.924039e-03 1.100000e-02 8.682409e-04
      vertex 5.000000e-03 1.100000e-02 0.000000e+00
    endloop
  endfacet
  facet normal 0.000000e+00 -1.000000e+00 0.000000e+00
    outer loop
      vertex 0.000000e+00 1.300000e-02 0.000000e+00
      vertex 5.000000e-03 1.300000e-02 0.000000e+00
      vertex 4.924039e-03 1.300000e-02 8.682409e-04
    endloop
  endfacet
  facet normal -9.659257e-01 0.000000e+00 -2.588193e-01
    outer loop
      vertex 4.924039e-03 1.100000e-02 8.682409e-04
      vertex 4.698463e-03 1.100000e-02 1.710101e-03
      vertex 4.698463e-03 1.300000e-02 1.710101e-03
    endloop
  endfacet
  facet normal -9.659257e-01 0.000000e+00 -2.588193e-01
    outer loop
      vertex 4.924039e-03 1.100000e-02 8.682409e-04
      vertex 4.698463e-03 1.300000e-02 1.710101e-03
      vertex 4.924039e-03 1.300000e-02 8.682409e-04
    endloop
  endfacet
  facet normal 0.000000e+00 1.000000e+00 0.000000e+00
    outer loop
      vertex 0.000000e+00 1.100000e-02 0.000000e+00
      vertex 4.698463e-03 1.100000e-02 1.710101e-03
      vertex 4.924039e-03 1.100000e-02 8.682409e-04
    endloop
  endfacet
  facet normal 0.000000e+00 -1.000000e+00 0.000000e+00
    outer loop
      vertex 0.000000e+00 1.300000e-02 0.000000e+00
      vertex 4.924039e-03 1.300000e-02 8.682409e-04
      vertex 4.698463e-03 1.300000e-02 1.710101e-03
    endloop
  endfacet
  facet normal -9.063078e-01 0.000000e+00 -4.226183e-01
    outer loop
      vertex 4.698463e-03 1.100000e-02 1.710101e-03
      vertex 4.330127e-03 1.100000e-02 2.500000e-03
      vertex 4.330127e-03 1.300000e-02 2.500000e-03
    endloop
  endfacet
  facet normal -9.063078e-01 0.000000e+00 -4.226183e-01
    outer loop
      vertex 4.698463e-03 1.100000e-02 1.710101e-03
      vertex 4.330127e-03 1.300000e-02 2.500000e-03
      vertex 4.698463e-03 1.300000e-02 1.710101e-03
    endloop
  endfacet
  facet normal 0.000000e+00 1.000000e+00 0.000000e+00
    outer loop
      vertex 0.000000e+00 1.100000e-02 0.000000e+00
      vertex 4.330127e-03 1.100000e-02 2.500000e-03
      vertex 4.698463e-03 1.100000e-02 1.710101e-03
    endloop
  endfacet
  facet normal 0.000000e+00 -1.000000e+00 0.000000e+00
    outer loop
      vertex 0.000000e+00 1.300000e-02 0.000000e+00
      vertex 4.698463e-03 1.300000e-02 1.710101e-03
      vertex 4.330127e-03 1.300000e-02 2.500000e-03
    endloop
  endfacet
  facet normal -8.191519e-01 0.000000e+00 -5.735766e-01
    outer loop
      vertex 4.330127e-03 1.100000e-02 2.500000e-03
      vertex 3.830222e-03 1.100000e-02 3.213938e-03
      vertex 3.830222e-03 1.300000e-02 3.213938e-03
    endloop
  endfacet
  facet normal -8.191519e-01 0.000000e+00 -5.735766e-01
    outer loop
      vertex 4.330127e-03 1.100000e-02 2.500000e-03
      vertex 3.830222e-03 1.300000e-02 3.213938e-03
      vertex 4.330127e-03 1.300000e-02 2.500000e-03
    endloop
  endfacet
  facet normal 0.000000e+00 1.000000e+00 0.000000e+00
    outer loop
      vertex 0.000000e+00 1.100000e-02 0.000000e+00
      vertex 3.830222e-03 1.100000e-02 3.213938e-03
      vertex 4.330127e-03 1.100000e-02 2.500000e-03
    endloop
  endfacet
  facet normal 0.000000e+00 -1.000000e+00 0.000000e+00
    outer loop
      vertex 0.000000e+00 1.300000e-02 0.000000e+00
      vertex 4.330127e-03 1.300000e-02 2.500000e-03
      vertex 3.830222e-03 1.300000e-02 3.213938e-03
    endloop
  endfacet
  facet normal -7.071068e-01 0.000000e+00 -7.071068e-01
    outer loop
      vertex 3.830222e-03 1.100000e-02 3.213938e-03
      vertex 3.213938e-03 1.100000e-02 3.830222e-03
      vertex 3.213938e-03 1.300000e-02 3.830222e-03
    endloop
  endfacet
  facet normal -7.071068e-01 0.000000e+00 -7.071068e-01
    outer loop
      vertex 3.830222e-03 1.100000e-02 3.213938e-03
      vertex 3.213938e-03 1.300000e-02 3.830222e-03
      vertex 3.830222e-03 1.300000e-02 3.213938e-03
    endloop
  endfacet
  facet normal 0.000000e+00 1.000000e+00 0.000000e+00
    outer loop
      vertex 0.000000e+00 1.100000e-02 0.000000e+00
      vertex 3.213938e-03 1.100000e-02 3.830222e-03
      vertex 3.830222e-03 1.100000e-02 3.213938e-03
    endloop
  endfacet
  facet normal 0.000000e+00 -1.000000e+00 0.000000e+00
    outer loop
      vertex 0.000000e+00 1.300000e-02 0.000000e+00
      vertex 3.830222e-03 1.300000e-02 3.213938e-03
      vertex 3.213938e-03 1.300000e-02 3.830222e-03
    endloop
  endfacet
  facet normal -5.735766e-01 0.000000e+00 -8.191519e-01
    outer loop
      vertex 3.213938e-03 1.100000e-02 3.830222e-03
      vertex 2.500000e-03 1.100000e-02 4.330127e-03
      vertex 2.500000e-03 1.300000e-02 4.330127e-03
    endloop
  endfacet
  facet normal -5.735766e-01 0.000000e+00 -8.191519e-01
    outer loop
      vertex 3.213938e-03 1.100000e-02 3.830222e-03
      vertex 2.500000e-03 1.300000e-02 4.330127e-03
      vertex 3.213938e-03 1.300000e-02 3.830222e-03
    endloop
  endfacet
  facet normal 0.000000e+00 1.000000e+00 0.000000e+00
    outer loop
      vertex 0.000000e+00 1.100000e-02 0.000000e+00
      vertex 2.500000e-03 1.100000e-02 4.330127e-03
      vertex 3.213938e-03 1.100000e-02 3.830222e-03
    endloop
  endfacet
  facet normal 0.000000e+00 -1.000000e+00 0.000000e+00
    outer loop
      vertex 0.000000e+00 1.300000e-02 0.000000e+00
      vertex 3.213938e-03 1.300000e-02 3.830222e-03
      vertex 2.500000e-03 1.300000e-02 4.330127e-03
    endloop
  endfacet
  facet normal -4.226183e-01 0.000000e+00 -9.063078e-01
    outer loop
      vertex 2.500000e-03 1.100000e-02 4.330127e-03
      vertex 1.710101e-03 1.100000e-02 4.698463e-03
      vertex 1.710101e-03 1.300000e-02 4.698463e-03
    endloop
  endfacet
  facet normal -4.226183e-01 0.000000e+00 -9.063078e-01
    outer loop
      vertex 2.500000e-03 1.100000e-02 4.330127e-03
      vertex 1.710101e-03 1.300000e-02 4.698463e-03
      vertex 2.500000e-03 1.300000e-02 4.330127e-03
    endloop
  endfacet
  facet normal 0.000000e+00 1.000000e+00 0.000000e+00
    outer loop
      vertex 0.000000e+00 1.100000e-02 0.000000e+00
      vertex 1.710101e-03 1.100000e-02 4.698463e-03
      vertex 2.500000e-03 1.100000e-02 4.330127e-03
    endloop
  endfacet
  facet normal 0.000000e+00 -1.000000e+00 0.000000e+00
    outer loop
      vertex 0.000000e+00 1.300000e-02 0.000000e+00
      vertex 2.500000e-03 1.300000e-02 4.330127e-03
      vertex 1.710101e-03 1.300000e-02 4.698463e-03
    endloop
  endfacet
  facet normal -2.588193e-01 0.000000e+00 -9.659257e-01
    outer loop
      vertex 1.710101e-03 1.100000e-02 4.698463e-03
      vertex 8.682409e-04 1.100000e-02 4.924039e-03
      vertex 8.682409e-04 1.300000e-02 4.924039e-03
    endloop
  endfacet
  facet normal -2.588193e-01 0.000000e+00 -9.659257e-01
    outer loop
      vertex 1.710101e-03 1.100000e-02 4.698463e-03
      vertex 8.682409e-04 1.300000e-02 4.924039e-03
      vertex 1.710101e-03 1.300000e-02 4.698463e-03
    endloop
  endfacet
  facet normal 0.000000e+00 1.000000e+00 0.000000e+00
    outer loop
      vertex 0.000000e+00 1.100000e-02 0.000000e+00
      vertex 8.682409e-04 1.100000e-02 4.924039e-03
      vertex 1.710101e-03 1.100000e-02 4.698463e-03
    endloop
  endfacet
  facet normal 0.000000e+00 -1.000000e+00 0.000000e+00
    outer loop
      vertex 0.000000e+00 1.300000e-02 0.000000e+00
      vertex 1.710101e-03 1.300000e-02 4.698463e-03
      vertex 8.682409e-04 1.300000e-02 4.924039e-03
    endloop
  endfacet
  facet normal -8.715547e-02 0.000000e+00 -9.961947e-01
    outer loop
      vertex 8.682409e-04 1.100000e-02 4.924039e-03
      vertex 3.061617e-19 1.100000e-02 5.000000e-03
      vertex 3.061617e-19 1.300000e-02 5.000000e-03
    endloop
  endfacet
  facet normal -8.715547e-02 0.000000e+00 -9.961947e-01
    outer loop
      vertex 8.682409e-04 1.100000e-02 4.924039e-03
      vertex 3.061617e-19 1.300000e-02 5.000000e-03
      vertex 8.682409e-04 1.300000e-02 4.924039e-03
    endloop
  endfacet
  facet normal 0.000000e+00 1.000000e+00 0.000000e+00
    outer loop
      vertex 0.000000e+00 1.100000e-02 0.000000e+00
      vertex 3.061617e-19 1.100000e-02 5.000000e-03
      vertex 8.682409e-04 1.100000e-02 4.924039e-03
    endloop
  endfacet
  facet normal 0.000000e+00 -1.000000e+00 0.000000e+00
    outer loop
      vertex 0.000000e+00 1.300000e-02 0.000000e+00
      vertex 8.682409e-04 1.300000e-02 4.924039e-03
      vertex 3.061617e-19 1.300000e-02 5.000000e-03
    endloop
  endfacet
  facet normal 8.715547e-02 0.000000e+00 -9.961947e-01
    outer loop
      vertex 3.061617e-19 1.100000e-02 5.000000e-03
      vertex -8.682409e-04 1.100000e-02 4.924039e-03
      vertex -8.682409e-04 1.300000e-02 4.924039e-03
    endloop
  endfacet
  facet normal 8.715547e-02 0.000000e+00 -9.961947e-01
    outer loop
      vertex 3.061617e-19 1.100000e-02 5.000000e-03
      vertex -8.682409e-04 1.300000e-02 4.924039e-03
      vertex 3.061617e-19 1.300000e-02 5.000000e-03
    endloop
  endfacet
  facet normal 0.000000e+00 1.000000e+00 -0.000000e+00
    outer loop
      vertex 0.000000e+00 1.100000e-02 0.000000e+00
      vertex -8.682409e-04 1.100000e-02 4.924039e-03
      vertex 3.061617e-19 1.100000e-02 5.000000e-03
    endloop
  endfacet
  facet normal 0.000000e+00 -1.000000e+00 0.000000e+00
    outer loop
      vertex 0.000000e+00 1.300000e-02 0.000000e+00
      vertex 3.061617e-19 1.300000e-02 5.000000e-03
      vertex -8.682409e-04 1.300000e-02 4.924039e-03
    endloop
  endfacet
  facet normal 2.588193e-01 0.000000e+00 -9.659257e-01
    outer loop
      vertex -8.682409e-04 1.100000e-02 4.924039e-03
      vertex -1.710101e-03 1.100000e-02 4.698463e-03
      vertex -1.710101e-03 1.300000e-02 4.698463e-03
    endloop
  endfacet
  facet normal 2.588193e-01 0.000000e+00 -9.659257e-01
    outer loop
      vertex -8.682409e-04 1.100000e-02 4.924039e-03
      vertex -1.710101e-03 1.300000e-02 4.698463e-03
      vertex -8.682409e-04 1.300000e-02 4.924039e-03
    endloop
  endfacet
  facet normal 0.000000e+00 1.000000e+00 0.000000e+00
    outer loop
      vertex 0.000000e+00 1.100000e-02 0.000000e+00
      vertex -1.710101e-03 1.100000e-02 4.698463e-03
      vertex -8.682409e-04 1.100000e-02 4.924039e-03
    endloop
  endfacet
  facet normal 0.000000e+00 -1.000000e+00 0.000000e+00
    outer loop
      vertex 0.000000e+00 1.300000e-02 0.000000e+00
      vertex -8.682409e-04 1.300000e-02 4.924039e-03
      vertex -1.710101e-03 1.300000e-02 4.698463e-03
    endloop
  endfacet
  facet normal 4.226183e-01 0.000000e+00 -9.063078e-01
    outer loop
      vertex -1.710101e-03 1.100000e-02 4.698463e-03
      vertex -2.500000e-03 1.100000e-02 4.330127e-03
      vertex -2.500000e-03 1.300000e-02 4.330127e-03
    endloop
  endfacet
  facet normal 4.226183e-01 0.000000e+00 -9.063078e-01
    outer loop
      vertex -1.710101e-03 1.100000e-02 4.698463e-03
      vertex -2.500000e-03 1.300000e-02 4.330127e-03
      vertex -1.710101e-03 1.300000e-02 4.698463e-03
    endloop
  endfacet
  facet normal 0.000000e+00 1.000000e+00 0.000000e+00
    outer loop
      vertex 0.000000e+00 1.100000e-02 0.000000e+00
      vertex -2.500000e-03 1.100000e-02 4.330127e-03
      vertex -1.710101e-03 1.100000e-02 4.698463e-03
    endloop
  endfacet
  facet normal 0.000000e+00 -1.000000e+00 0.000000e+00
    outer loop
      vertex 0.000000e+00 1.300000e-02 0.000000e+00
      vertex -1.710101e-03 1.300000e-02 4.698463e-03
      vertex -2.500000e-03 1.300000e-02 4.330127e-03
    endloop
  endfacet
  facet normal 5.735766e-01 0.000000e+00 -8.191519e-01
    outer loop
      vertex -2.500000e-03 1.100000e-02 4.330127e-03
      vertex -3.213938e-03 1.100000e-02 3.830222e-03
      vertex -3.213938e-03 1.300000e-02 3.830222e-03
    endloop
  endfacet
  facet normal 5.735766e-01 0.000000e+00 -8.191519e-01
    outer loop
      vertex -2.500000e-03 1.100000e-02 4.330127e-03
      vertex -3.213938e-03 1.300000e-02 3.830222e-03
      vertex -2.500000e-03 1.300000e-02 4.330127e-03
    endloop
  endfacet
  facet normal 0.000000e+00 1.000000e+00 0.000000e+00
    outer loop
      vertex 0.000000e+00 1.100000e-02 0.000000e+00
      vertex -3.213938e-03 1.100000e-02 3.830222e-03
      vertex -2.500000e-03 1.100000e-02 4.330127e-03
    endloop
  endfacet
  facet normal 0.000000e+00 -1.000000e+00 0.000000e+00
    outer loop
      vertex 0.000000e+00 1.300000e-02 0.000000e+00
      vertex -2.500000e-03 1.300000e-02 4.330127e-03
      vertex -3.213938e-03 1.300000e-02 3.830222e-03
    endloop
  endfacet
  facet normal 7.071068e-01 0.000000e+00 -7.071068e-01
    outer loop
      vertex -3.213938e-03 1.100000e-02 3.830222e-03
      vertex -3.830222e-03 1.100000e-02 3.213938e-03
      vertex -3.830222e-03 1.300000e-02 3.213938e-03
    endloop
  endfacet
  facet normal 7.071068e-01 0.000000e+00 -7.071068e-01
    outer loop
      vertex -3.213938e-03 1.100000e-02 3.830222e-03
      vertex -3.830222e-03 1.300000e-02 3.213938e-03
      vertex -3.213938e-03 1.300000e-02 3.830222e-03
    endloop
  endfacet
  facet normal 0.000000e+00 1.000000e+00 0.000000e+00
    outer loop
      vertex 0.000000e+00 1.100000e-02 0.000000e+00
      vertex -3.830222e-03 1.100000e-02 3.213938e-03
      vertex -3.213938e-03 1.100000e-02 3.830222e-03
    endloop
  endfacet
  facet normal 0.000000e+00 -1.000000e+00 0.000000e+00
    outer loop
      vertex 0.000000e+00 1.300000e-02 0.000000e+00
      vertex -3.213938e-03 1.300000e-02 3.830222e-03
      vertex -3.830222e-03 1.300000e-02 3.213938e-03
    endloop
  endfacet
  facet normal 8.191519e-01 0.000000e+00 -5.735766e-01
    outer loop
      vertex -3.830222e-03 1.100000e-02 3.213938e-03
      vertex -4.330127e-03 1.100000e-02 2.500000e-03
      vertex -4.330127e-03 1.300000e-02 2.500000e-03
    endloop
  endfacet
  facet normal 8.191519e-01 0.000000e+00 -5.735766e-01
    outer loop
      vertex -3.830222e-03 1.100000e-02 3.213938e-03
      vertex -4.330127e-03 1.300000e-02 2.500000e-03
      vertex -3.830222e-03 1.300000e-02 3.213938e-03
    endloop
  endfacet
  facet normal 0.000000e+00 1.000000e+00 0.000000e+00
    outer loop
      vertex 0.000000e+00 1.100000e-02 0.000000e+00
      vertex -4.330127e-03 1.100000e-02 2.500000e-03
      vertex -3.830222e-03 1.100000e-02 3.213938e-03
    endloop
  endfacet
  facet normal 0.000000e+00 -1.000000e+00 0.000000e+00
    outer loop
      vertex 0.000000e+00 1.300000e-02 0.000000e+00
      vertex -3.830222e-03 1.300000e-02 3.213938e-03
      vertex -4.330127e-03 1.300000e-02 2.500000e-03
    endloop
  endfacet
  facet normal 9.063078e-01 0.000000e+00 -4.226183e-01
    outer loop
      vertex -4.330127e-03 1.100000e-02 2.500000e-03
      vertex -4.698463e-03 1.100000e-02 1.710101e-03
      vertex -4.698463e-03 1.300000e-02 1.710101e-03
    endloop
  endfacet
  facet normal 9.063078e-01 0.000000e+00 -4.226183e-01
    outer loop
      vertex -4.330127e-03 1.100000e-02 2.500000e-03
      vertex -4.698463e-03 1.300000e-02 1.710101e-03
      vertex -4.330127e-03 1.300000e-02 2.500000e-03
    endloop
  endfacet
  facet normal 0.000000e+00 1.000000e+00 0.000000e+00
    outer loop
      vertex 0.000000e+00 1.100000e-02 0.000000e+00
      vertex -4.698463e-03 1.100000e-02 1.710101e-03
      vertex -4.330127e-03 1.100000e-02 2.500000e-03
    endloop
  endfacet
  facet normal 0.000000e+00 -1.000000e+00 0.000000e+00
    outer loop
      vertex 0.000000e+00 1.300000e-02 0.000000e+00
      vertex -4.330127e-03 1.300000e-02 2.500000e-03
      vertex -4.698463e-03 1.300000e-02 1.710101e-03
    endloop
  endfacet
  facet normal 9.659257e-01 0.000000e+00 -2.588193e-01
    outer loop
      vertex -4.698463e-03 1.100000e-02 1.710101e-03
      vertex -4.924039e-03 1.100000e-02 8.682409e-04
      vertex -4.924039e-03 1.300000e-02 8.682409e-04
    endloop
  endfacet
  facet normal 9.659257e-01 0.000000e+00 -2.588193e-01
    outer loop
      vertex -4.698463e-03 1.100000e-02 1.710101e-03
      vertex -4.924039e-03 1.300000e-02 8.682409e-04
      vertex -4.698463e-03 1.300000e-02 1.710101e-03
    endloop
  endfacet
  facet normal 0.000000e+00 1.000000e+00 0.000000e+00
    outer loop
      vertex 0.000000e+00 1.100000e-02 0.000000e+00
      vertex -4.924039e-03 1.100000e-02 8.682409e-04
      vertex -4.698463e-03 1.100000e-02 1.710101e-03
    endloop
  endfacet
  facet normal 0.000000e+00 -1.000000e+00 0.000000e+00
    outer loop
      vertex 0.000000e+00 1.300000e-02 0.000000e+00
      vertex -4.698463e-03 1.300000e-02 1.710101e-03
      vertex -4.924039e-03 1.300000e-02 8.682409e-04
    endloop
  endfacet
  facet normal 9.961947e-01 0.000000e+00 -8.715547e-02
    outer loop
      vertex -4.924039e-03 1.100000e-02 8.682409e-04
      vertex -5.000000e-03 1.100000e-02 6.123234e-19
      vertex -5.000000e-03 1.300000e-02 6.123234e-19
    endloop
  endfacet
  facet normal 9.961947e-01 0.000000e+00 -8.715547e-02
    outer loop
      vertex -4.924039e-03 1.100000e-02 8.682409e-04
      vertex -5.000000e-03 1.300000e-02 6.123234e-19
      vertex -4.924039e-03 1.300000e-02 8.682409e-04
    endloop
  endfacet
  facet normal 0.000000e+00 1.000000e+00 0.000000e+00
    outer loop
      vertex 0.000000e+00 1.100000e-02 0.000000e+00
      vertex -5.000000e-03 1.100000e-02 6.123234e-19
      vertex -4.924039e-03 1.100000e-02 8.682409e-04
    endloop
  endfacet
  facet normal 0.000000e+00 -1.000000e+00 0.000000e+00
    outer loop
      vertex 0.000000e+00 1.300000e-02 0.000000e+00
      vertex -4.924039e-03 1.300000e-02 8.682409e-04
      vertex -5.000000e-03 1.300000e-02 6.123234e-19
    endloop
  endfacet
  facet normal 9.961947e-01 0.000000e+00 8.715547e-02
    outer loop
      vertex -5.000000e-03 1.100000e-02 6.123234e-19
      vertex -4.924039e-03 1.100000e-02 -8.682409e-04
      vertex -4.924039e-03 1.300000e-02 -8.682409e-04
    endloop
  endfacet
  facet normal 9.961947e-01 -0.000000e+00 8.715547e-02
    outer loop
      vertex -5.000000e-03 1.100000e-02 6.123234e-19
      vertex -4.924039e-03 1.300000e-02 -8.682409e-04
      vertex -5.000000e-03 1.300000e-02 6.123234e-19
    endloop
  endfacet
  facet normal 0.000000e+00 1.000000e+00 0.000000e+00
    outer loop
      vertex 0.000000e+00 1.100000e-02 0.000000e+00
      vertex -4.924039e-03 1.100000e-02 -8.682409e-04
      vertex -5.000000e-03 1.100000e-02 6.123234e-19
    endloop
  endfacet
  facet normal -0.000000e+00 -1.000000e+00 0.000000e+00
    outer loop
      vertex 0.000000e+00 1.300000e-02 0.000000e+00
      vertex -5.000000e-03 1.300000e-02 6.123234e-19
      vertex -4.924039e-03 1.300000e-02 -8.682409e-04
    endloop
  endfacet
  facet normal 9.659257e-01 0.000000e+00 2.588193e-01
    outer loop
      vertex -4.924039e-03 1.100000e-02 -8.682409e-04
      vertex -4.698463e-03 1.100000e-02 -1.710101e-03
      vertex -4.698463e-03 1.300000e-02 -1.710101e-03
    endloop
  endfacet
  facet normal 9.659257e-01 -0.000000e+00 2.588193e-01
    outer loop
      vertex -4.924039e-03 1.100000e-02 -8.682409e-04
      vertex -4.698463e-03 1.300000e-02 -1.710101e-03
      vertex -4.924039e-03 1.300000e-02 -8.682409e-04
    endloop
  endfacet
  facet normal 0.000000e+00 1.000000e+00 0.000000e+00
    outer loop
      vertex 0.000000e+00 1.100000e-02 0.000000e+00
      vertex -4.698463e-03 1.100000e-02 -1.710101e-03
      vertex -4.924039e-03 1.100000e-02 -8.682409e-04
    endloop
  endfacet
  facet normal 0.000000e+00 -1.000000e+00 0.000000e+00
    outer loop
      vertex 0.000000e+00 1.300000e-02 0.000000e+00
      vertex -4.924039e-03 1.300000e-02 -8.682409e-04
      vertex -4.698463e-03 1.300000e-02 -1.710101e-03
    endloop
  endfacet
  facet normal 9.063078e-01 0.000000e+00 4.226183e-01
    outer loop
      vertex -4.698463e-03 1.100000e-02 -1.710101e-03
      vertex -4.330127e-03 1.100000e-02 -2.500000e-03
      vertex -4.330127e-03 1.300000e-02 -2.500000e-03
    endloop
  endfacet
  facet normal 9.063078e-01 -0.000000e+00 4.226183e-01
    outer loop
      vertex -4.698463e-03 1.100000e-02 -1.710101e-03
      vertex -4.330127e-03 1.300000e-02 -2.500000e-03
      vertex -4.698463e-03 1.300000e-02 -1.710101e-03
    endloop
  endfacet
  facet normal 0.000000e+00 1.000000e+00 0.000000e+00
    outer loop
      vertex 0.000000e+00 1.100000e-02 0.000000e+00
      vertex -4.330127e-03 1.100000e-02 -2.500000e-03
      vertex -4.698463e-03 1.100000e-02 -1.710101e-03
    endloop
  endfacet
  facet normal 0.000000e+00 -1.000000e+00 0.000000e+00
    outer loop
      vertex 0.000000e+00 1.300000e-02 0.000000e+00
      vertex -4.698463e-03 1.300000e-02 -1.710101e-03
      vertex -4.330127e-03 1.300000e-02 -2.500000e-03
    endloop
  endfacet
  facet normal 8.191519e-01 0.000000e+00 5.735766e-01
    outer loop
      vertex -4.330127e-03 1.100000e-02 -2.500000e-03
      vertex -3.830222e-03 1.100000e-02 -3.213938e-03
      vertex -3.830222e-03 1.300000e-02 -3.213938e-03
    endloop
  endfacet
  facet normal 8.191519e-01 -0.000000e+00 5.735766e-01
    outer loop
      vertex -4.330127e-03 1.100000e-02 -2.500000e-03
      vertex -3.830222e-03 1.300000e-02 -3.213938e-03
      vertex -4.330127e-03 1.300000e-02 -2.500000e-03
    endloop
  endfacet
  facet normal 0.000000e+00 1.000000e+00 0.000000e+00
    outer loop
      vertex 0.000000e+00 1.100000e-02 0.000000e+00
      vertex -3.830222e-03 1.100000e-02 -3.213938e-03
      vertex -4.330127e-03 1.100000e-02 -2.500000e-03
    endloop
  endfacet
  facet normal 0.000000e+00 -1.000000e+00 0.000000e+00
    outer loop
      vertex 0.000000e+00 1.300000e-02 0.000000e+00
      vertex -4.330127e-03 1.300000e-02 -2.500000e-03
      vertex -3.830222e-03 1.300000e-02 -3.213938e-03
    endloop
  endfacet
  facet normal 7.071068e-01 0.000000e+00 7.071068e-01
    outer loop
      vertex -3.830222e-03 1.100000e-02 -3.213938e-03
      vertex -3.213938e-03 1.100000e-02 -3.830222e-03
      vertex -3.213938e-03 1.300000e-02 -3.830222e-03
    endloop
  endfacet
  facet normal 7.071068e-01 -0.000000e+00 7.071068e-01
    outer loop
      vertex -3.830222e-03 1.100000e-02 -3.213938e-03
      vertex -3.213938e-03 1.300000e-02 -3.830222e-03
      vertex -3.830222e-03 1.300000e-02 -3.213938e-03
    endloop
  endfacet
  facet normal 0.000000e+00 1.000000e+00 0.000000e+00
    outer loop
      vertex 0.000000e+00 1.100000e-02 0.000000e+00
      vertex -3.213938e-03 1.100000e-02 -3.830222e-03
      vertex -3.830222e-03 1.100000e-02 -3.213938e-03
    endloop
  endfacet
  facet normal 0.000000e+00 -1.000000e+00 0.000000e+00
    outer loop
      vertex 0.000000e+00 1.300000e-02 0.000000e+00
      vertex -3.830222e-03 1.300000e-02 -3.213938e-03
      vertex -3.213938e-03 1.300000e-02 -3.830222e-03
    endloop
  endfacet
  facet normal 5.735766e-01 0.000000e+00 8.191519e-01
    outer loop
      vertex -3.213938e-03 1.100000e-02 -3.830222e-03
      vertex -2.500000e-03 1.100000e-02 -4.330127e-03
      vertex -2.500000e-03 1.300000e-02 -4.330127e-03
    endloop
  endfacet
  facet normal 5.735766e-01 -0.000000e+00 8.191519e-01
    outer loop
      vertex -3.213938e-03 1.100000e-02 -3.830222e-03
      vertex -2.500000e-03 1.300000e-02 -4.330127e-03
      vertex -3.213938e-03 1.300000e-02 -3.830222e-03
    endloop
  endfacet
  facet normal 0.000000e+00 1.000000e+00 0.000000e+00
    outer loop
      vertex 0.000000e+00 1.100000e-02 0.000000e+00
      vertex -2.500000e-03 1.100000e-02 -4.330127e-03
      vertex -3.213938e-03 1.100000e-02 -3.830222e-03
    endloop
  endfacet
  facet normal 0.000000e+00 -1.000000e+00 0.000000e+00
    outer loop
      vertex 0.000000e+00 1.300000e-02 0.000000e+00
      vertex -3.213938e-03 1.300000e-02 -3.830222e-03
      vertex -2.500000e-03 1.300000e-02 -4.330127e-03
    endloop
  endfacet
  facet normal 4.226183e-01 0.000000e+00 9.063078e-01
    outer loop
      vertex -2.500000e-03 1.100000e-02 -4.330127e-03
      vertex -1.710101e-03 1.100000e-02 -4.698463e-03
      vertex -1.710101e-03 1.300000e-02 -4.698463e-03
    endloop
  endfacet
  facet normal 4.226183e-01 -0.000000e+00 9.063078e-01
    outer loop
      vertex -2.500000e-03 1.100000e-02 -4.330127e-03
      vertex -1.710101e-03 1.300000e-02 -4.698463e-03
      vertex -2.500000e-03 1.300000e-02 -4.330127e-03
    endloop
  endfacet
  facet normal 0.000000e+00 1.000000e+00 0.000000e+00
    outer loop
      vertex 0.000000e+00 1.100000e-02 0.000000e+00
      vertex -1.710101e-03 1.100000e-02 -4.698463e-03
      vertex -2.500000e-03 1.100000e-02 -4.330127e-03
    endloop
  endfacet
  facet normal 0.000000e+00 -1.000000e+00 0.000000e+00
    outer loop
      vertex 0.000000e+00 1.300000e-02 0.000000e+00
      vertex -2.500000e-03 1.300000e-02 -4.330127e-03
      vertex -1.710101e-03 1.300000e-02 -4.698463e-03
    endloop
  endfacet
  facet normal 2.588193e-01 0.000000e+00 9.659257e-01
    outer loop
      vertex -1.710101e-03 1.100000e-02 -4.698463e-03
      vertex -8.682409e-04 1.100000e-02 -4.924039e-03
      vertex -8.682409e-04 1.300000e-02 -4.924039e-03
    endloop
  endfacet
  facet normal 2.588193e-01 -0.000000e+00 9.659257e-01
    outer loop
      vertex -1.710101e-03 1.100000e-02 -4.698463e-03
      vertex -8.682409e-04 1.300000e-02 -4.924039e-03
      vertex -1.710101e-03 1.300000e-02 -4.698463e-03
    endloop
  endfacet
  facet normal 0.000000e+00 1.000000e+00 0.000000e+00
    outer loop
      vertex 0.000000e+00 1.100000e-02 0.000000e+00
      vertex -8.682409e-04 1.100000e-02 -4.924039e-03
      vertex -1.710101e-03 1.100000e-02 -4.698463e-03
    endloop
  endfacet
  facet normal 0.000000e+00 -1.000000e+00 0.000000e+00
    outer loop
      vertex 0.000000e+00 1.300000e-02 0.000000e+00
      vertex -1.710101e-03 1.300000e-02 -4.698463e-03
      vertex -8.682409e-04 1.300000e-02 -4.924039e-03
    endloop
  endfacet
  facet normal 8.715547e-02 0.000000e+00 9.961947e-01
    outer loop
      vertex -8.682409e-04 1.100000e-02 -4.924039e-03
      vertex -9.184851e-19 1.100000e-02 -5.000000e-03
      vertex -9.184851e-19 1.300000e-02 -5.000000e-03
    endloop
  endfacet
  facet normal 8.715547e-02 -0.000000e+00 9.961947e-01
    outer loop
      vertex -8.682409e-04 1.100000e-02 -4.924039e-03
      vertex -9.184851e-19 1.300000e-02 -5.000000e-03
      vertex -8.682409e-04 1.300000e-02 -4.924039e-03
    endloop
  endfacet
  facet normal 0.000000e+00 1.000000e+00 0.000000e+00
    outer loop
      vertex 0.000000e+00 1.100000e-02 0.000000e+00
      vertex -9.184851e-19 1.100000e-02 -5.000000e-03
      vertex -8.682409e-04 1.100000e-02 -4.924039e-03
    endloop
  endfacet
  facet normal 0.000000e+00 -1.000000e+00 0.000000e+00
    outer loop
      vertex 0.000000e+00 1.300000e-02 0.000000e+00
      vertex -8.682409e-04 1.300000e-02 -4.924039e-03
      vertex -9.184851e-19 1.300000e-02 -5.000000e-03
    endloop
  endfacet
  facet normal -8.715547e-02 0.000000e+00 9.961947e-01
    outer loop
      vertex -9.184851e-19 1.100000e-02 -5.000000e-03
      vertex 8.682409e-04 1.100000e-02 -4.924039e-03
      vertex 8.682409e-04 1.300000e-02 -4.924039e-03
    endloop
  endfacet
  facet normal -8.715547e-02 0.000000e+00 9.961947e-01
    outer loop
      vertex -9.184851e-19 1.100000e-02 -5.000000e-03
      vertex 8.682409e-04 1.300000e-02 -4.924039e-03
      vertex -9.184851e-19 1.300000e-02 -5.000000e-03
    endloop
  endfacet
  facet normal 0.000000e+00 1.000000e+00 0.000000e+00
    outer loop
      vertex 0.000000e+00 1.100000e-02 0.000000e+00
      vertex 8.682409e-04 1.100000e-02 -4.924039e-03
      vertex -9.184851e-19 1.100000e-02 -5.000000e-03
    endloop
  endfacet
  facet normal 0.000000e+00 -1.000000e+00 -0.000000e+00
    outer loop
      vertex 0.000000e+00 1.300000e-02 0.000000e+00
      vertex -9.184851e-19 1.300000e-02 -5.000000e-03
      vertex 8.682409e-04 1.300000e-02 -4.924039e-03
    endloop
  endfacet
  facet normal -2.588193e-01 0.000000e+00 9.659257e-01
    outer loop
      vertex 8.682409e-04 1.100000e-02 -4.924039e-03
      vertex 1.710101e-03 1.100000e-02 -4.698463e-03
      vertex 1.710101e-03 1.300000e-02 -4.698463e-03
    endloop
  endfacet
  facet normal -2.588193e-01 0.000000e+00 9.659257e-01
    outer loop
      vertex 8.682409e-04 1.100000e-02 -4.924039e-03
      vertex 1.710101e-03 1.300000e-02 -4.698463e-03
      vertex 8.682409e-04 1.300000e-02 -4.924039e-03
    endloop
  endfacet
  facet normal 0.000000e+00 1.000000e+00 0.000000e+00
    outer loop
      vertex 0.000000e+00 1.100000e-02 0.000000e+00
      vertex 1.710101e-03 1.100000e-02 -4.698463e-03
      vertex 8.682409e-04 1.100000e-02 -4.924039e-03
    endloop
  endfacet
  facet normal 0.000000e+00 -1.000000e+00 0.000000e+00
    outer loop
      vertex 0.000000e+00 1.300000e-02 0.000000e+00
      vertex 8.682409e-04 1.300000e-02 -4.924039e-03
      vertex 1.710101e-03 1.300000e-02 -4.698463e-03
    endloop
  endfacet
  facet normal -4.226183e-01 0.000000e+00 9.063078e-01
    outer loop
      vertex 1.710101e-03 1.100000e-02 -4.698463e-03
      vertex 2.500000e-03 1.100000e-02 -4.330127e-03
      vertex 2.500000e-03 1.300000e-02 -4.330127e-03
    endloop
  endfacet
  facet normal -4.226183e-01 0.000000e+00 9.063078e-01
    outer loop
      vertex 1.710101e-03 1.100000e-02 -4.698463e-03
      vertex 2.500000e-03 1.300000e-02 -4.330127e-03
      vertex 1.710101e-03 1.300000e-02 -4.698463e-03
    endloop
  endfacet
  facet normal 0.000000e+00 1.000000e+00 0.000000e+00
    outer loop
      vertex 0.000000e+00 1.100000e-02 0.000000e+00
      vertex 2.500000e-03 1.100000e-02 -4.330127e-03
      vertex 1.710101e-03 1.100000e-02 -4.698463e-03
    endloop
  endfacet
  facet normal 0.000000e+00 -1.000000e+00 0.000000e+00
    outer loop
      vertex 0.000000e+00 1.300000e-02 0.000000e+00
      vertex 1.710101e-03 1.300000e-02 -4.698463e-03
      vertex 2.500000e-03 1.300000e-02 -4.330127e-03
    endloop
  endfacet
  facet normal -5.735766e-01 0.000000e+00 8.191519e-01
    outer loop
      vertex 2.500000e-03 1.100000e-02 -4.330127e-03
      vertex 3.213938e-03 1.100000e-02 -3.830222e-03
      vertex 3.213938e-03 1.300000e-02 -3.830222e-03
    endloop
  endfacet
  facet normal -5.735766e-01 0.000000e+00 8.191519e-01
    outer loop
      vertex 2.500000e-03 1.100000e-02 -4.330127e-03
      vertex 3.213938e-03 1.300000e-02 -3.830222e-03
      vertex 2.500000e-03 1.300000e-02 -4.330127e-03
    endloop
  endfacet
  facet normal 0.000000e+00 1.000000e+00 0.000000e+00
    outer loop
      vertex 0.000000e+00 1.100000e-02 0.000000e+00
      vertex 3.213938e-03 1.100000e-02 -3.830222e-03
      vertex 2.500000e-03 1.100000e-02 -4.330127e-03
    endloop
  endfacet
  facet normal 0.000000e+00 -1.000000e+00 0.000000e+00
    outer loop
      vertex 0.000000e+00 1.300000e-02 0.000000e+00
      vertex 2.500000e-03 1.300000e-02 -4.330127e-03
      vertex 3.213938e-03 1.300000e-02 -3.830222e-03
    endloop
  endfacet
  facet normal -7.071068e-01 0.000000e+00 7.071068e-01
    outer loop
      vertex 3.213938e-03 1.100000e-02 -3.830222e-03
      vertex 3.830222e-03 1.100000e-02 -3.213938e-03
      vertex 3.830222e-03 1.300000e-02 -3.213938e-03
    endloop
  endfacet
  facet normal -7.071068e-01 0.000000e+00 7.071068e-01
    outer loop
      vertex 3.213938e-03 1.100000e-02 -3.830222e-03
      vertex 3.830222e-03 1.300000e-02 -3.213938e-03
      vertex 3.213938e-03 1.300000e-02 -3.830222e-03
    endloop
  endfacet
  facet normal 0.000000e+00 1.000000e+00 0.000000e+00
    outer loop
      vertex 0.000000e+00 1.100000e-02 0.000000e+00
      vertex 3.830222e-03 1.100000e-02 -3.213938e-03
      vertex 3.213938e-03 1.100000e-02 -3.830222e-03
    endloop
  endfacet
  facet normal 0.000000e+00 -1.000000e+00 0.000000e+00
    outer loop
      vertex 0.000000e+00 1.300000e-02 0.000000e+00
      vertex 3.213938e-03 1.300000e-02 -3.830222e-03
      vertex 3.830222e-03 1.300000e-02 -3.213938e-03
    endloop
  endfacet
  facet normal -8.191519e-01 0.000000e+00 5.735766e-01
    outer loop
      vertex 3.830222e-03 1.100000e-02 -3.213938e-03
      vertex 4.330127e-03 1.100000e-02 -2.500000e-03
      vertex 4.330127e-03 1.300000e-02 -2.500000e-03
    endloop
  endfacet
  facet normal -8.191519e-01 0.000000e+00 5.735766e-01
    outer loop
      vertex 3.830222e-03 1.100000e-02 -3.213938e-03
      vertex 4.330127e-03 1.300000e-02 -2.500000e-03
      vertex 3.830222e-03 1.300000e-02 -3.213938e-03
    endloop
  endfacet
  facet normal 0.000000e+00 1.000000e+00 0.000000e+00
    outer loop
      vertex 0.000000e+00 1.100000e-02 0.000000e+00
      vertex 4.330127e-03 1.100000e-02 -2.500000e-03
      vertex 3.830222e-03 1.100000e-02 -3.213938e-03
    endloop
  endfacet
  facet normal 0.000000e+00 -1.000000e+00 0.000000e+00
    outer loop
      vertex 0.000000e+00 1.300000e-02 0.000000e+00
      vertex 3.830222e-03 1.300000e-02 -3.213938e-03
      vertex 4.330127e-03 1.300000e-02 -2.500000e-03
    endloop
  endfacet
  facet normal -9.063078e-01 0.000000e+00 4.226183e-01
    outer loop
      vertex 4.330127e-03 1.100000e-02 -2.500000e-03
      vertex 4.698463e-03 1.100000e-02 -1.710101e-03
      vertex 4.698463e-03 1.300000e-02 -1.710101e-03
    endloop
  endfacet
  facet normal -9.063078e-01 0.000000e+00 4.226183e-01
    outer loop
      vertex 4.330127e-03 1.100000e-02 -2.500000e-03
      vertex 4.698463e-03 1.300000e-02 -1.710101e-03
      vertex 4.330127e-03 1.300000e-02 -2.500000e-03
    endloop
  endfacet
  facet normal 0.000000e+00 1.000000e+00 0.000000e+00
    outer loop
      vertex 0.000000e+00 1.100000e-02 0.000000e+00
      vertex 4.698463e-03 1.100000e-02 -1.710101e-03
      vertex 4.330127e-03 1.100000e-02 -2.500000e-03
    endloop
  endfacet
  facet normal 0.000000e+00 -1.000000e+00 0.000000e+00
    outer loop
      vertex 0.000000e+00 1.300000e-02 0.000000e+00
      vertex 4.330127e-03 1.300000e-02 -2.500000e-03
      vertex 4.698463e-03 1.300000e-02 -1.710101e-03
    endloop
  endfacet
  facet normal -9.659257e-01 0.000000e+00 2.588193e-01
    outer loop
      vertex 4.698463e-03 1.100000e-02 -1.710101e-03
      vertex 4.924039e-03 1.100000e-02 -8.682409e-04
      vertex 4.924039e-03 1.300000e-02 -8.682409e-04
    endloop
  endfacet
  facet normal -9.659257e-01 0.000000e+00 2.588193e-01
    outer loop
      vertex 4.698463e-03 1.100000e-02 -1.710101e-03
      vertex 4.924039e-03 1.300000e-02 -8.682409e-04
      vertex 4.698463e-03 1.300000e-02 -1.710101e-03
    endloop
  endfacet
  facet normal 0.000000e+00 1.000000e+00 0.000000e+00
    outer loop
      vertex 0.000000e+00 1.100000e-02 0.000000e+00
      vertex 4.924039e-03 1.100000e-02 -8.682409e-04
      vertex 4.698463e-03 1.100000e-02 -1.710101e-03
    endloop
  endfacet
  facet normal 0.000000e+00 -1.000000e+00 0.000000e+00
    outer loop
      vertex 0.000000e+00 1.300000e-02 0.000000e+00
      vertex 4.698463e-03 1.300000e-02 -1.710101e-03
      vertex 4.924039e-03 1.300000e-02 -8.682409e-04
    endloop
  endfacet
  facet normal -9.961947e-01 0.000000e+00 8.715547e-02
    outer loop
      vertex 4.924039e-03 1.100000e-02 -8.682409e-04
      vertex 5.000000e-03 1.100000e-02 0.000000e+00
      vertex 5.000000e-03 1.300000e-02 0.000000e+00
    endloop
  endfacet
  facet normal -9.961947e-01 0.000000e+00 8.715547e-02
    outer loop
      vertex 4.924039e-03 1.100000e-02 -8.682409e-04
      vertex 5.000000e-03 1.300000e-02 0.000000e+00
      vertex 4.924039e-03 1.300000e-02 -8.682409e-04
    endloop
  endfacet
  facet normal -0.000000e+00 1.000000e+00 0.000000e+00
    outer loop
      vertex 0.000000e+00 1.100000e-02 0.000000e+00
      vertex 5.000000e-03 1.100000e-02 0.000000e+00
      vertex 4.924039e-03 1.100000e-02 -8.682409e-04
    endloop
  endfacet
  facet normal 0.000000e+00 -1.000000e+00 0.000000e+00
    outer loop
      vertex 0.000000e+00 1.300000e-02 0.000000e+00
      vertex 4.924039e-03 1.300000e-02 -8.682409e-04
      vertex 5.000000e-03 1.300000e-02 0.000000e+00
    endloop
  endfacet
  facet normal 0.000000e+00 -0.000000e+00 1.000000e+00
    outer loop
      vertex 5.057056e-03 4.747309e-03 1.860000e-03
      vertex 6.612691e-03 6.302944e-03 1.860000e-03
      vertex 1.662944e-03 1.125269e-02 1.860000e-03
    endloop
  endfacet
  facet normal 0.000000e+00 0.000000e+00 1.000000e+00
    outer loop
      vertex 5.057056e-03 4.747309e-03 1.860000e-03
      vertex 1.662944e-03 1.125269e-02 1.860000e-03
      vertex 1.073088e-04 9.697056e-03 1.860000e-03
    endloop
  endfacet
  facet normal 0.000000e+00 0.000000e+00 -1.000000e+00
    outer loop
      vertex 5.057056e-03 4.747309e-03 4.860000e-03
      vertex 1.662944e-03 1.125269e-02 4.860000e-03
      vertex 6.612691e-03 6.302944e-03 4.860000e-03
    endloop
  endfacet
  facet normal 0.000000e+00 0.000000e+00 -1.000000e+00
    outer loop
      vertex 5.057056e-03 4.747309e-03 4.860000e-03
      vertex 1.073088e-04 9.697056e-03 4.860000e-03
      vertex 1.662944e-03 1.125269e-02 4.860000e-03
    endloop
  endfacet
  facet normal -7.071068e-01 7.071068e-01 0.000000e+00
    outer loop
      vertex 5.057056e-03 4.747309e-03 1.860000e-03
      vertex 5.057056e-03 4.747309e-03 4.860000e-03
      vertex 6.612691e-03 6.302944e-03 4.860000e-03
    endloop
  endfacet
  facet normal -7.071068e-01 7.071068e-01 0.000000e+00
    outer loop
      vertex 5.057056e-03 4.747309e-03 1.860000e-03
      vertex 6.612691e-03 6.302944e-03 4.860000e-03
      vertex 6.612691e-03 6.302944e-03 1.860000e-03
    endloop
  endfacet
  facet normal -7.071067e-01 -7.071069e-01 0.000000e+00
    outer loop
      vertex 6.612691e-03 6.302944e-03 1.860000e-03
      vertex 6.612691e-03 6.302944e-03 4.860000e-03
      vertex 1.662944e-03 1.125269e-02 4.860000e-03
    endloop
  endfacet
  facet normal -7.071067e-01 -7.071069e-01 0.000000e+00
    outer loop
      vertex 6.612691e-03 6.302944e-03 1.860000e-03
      vertex 1.662944e-03 1.125269e-02 4.860000e-03
      vertex 1.662944e-03 1.125269e-02 1.860000e-03
    endloop
  endfacet
  facet normal 7.071065e-01 -7.071071e-01 0.000000e+00
    outer loop
      vertex 1.662944e-03 1.125269e-02 1.860000e-03
      vertex 1.662944e-03 1.125269e-02 4.860000e-03
      vertex 1.073088e-04 9.697056e-03 4.860000e-03
    endloop
  endfacet
  facet normal 7.071065e-01 -7.071071e-01 0.000000e+00
    outer loop
      vertex 1.662944e-03 1.125269e-02 1.860000e-03
      vertex 1.073088e-04 9.697056e-03 4.860000e-03
      vertex 1.073088e-04 9.697056e-03 1.860000e-03
    endloop
  endfacet
  facet normal 7.071068e-01 7.071068e-01 -0.000000e+00
    outer loop
      vertex 1.073088e-04 9.697056e-03 1.860000e-03
      vertex 1.073088e-04 9.697056e-03 4.860000e-03
      vertex 5.057056e-03 4.747309e-03 4.860000e-03
    endloop
  endfacet
  facet normal 7.071068e-01 7.071068e-01 0.000000e+00
    outer loop
      vertex 1.073088e-04 9.697056e-03 1.860000e-03
      vertex 5.057056e-03 4.747309e-03 4.860000e-03
      vertex 5.057056e-03 4.747309e-03 1.860000e-03
    endloop
  endfacet
  facet normal -0.000000e+00 0.000000e+00 1.000000e+00
    outer loop
      vertex -6.612691e-03 6.302944e-03 1.860000e-03
      vertex -5.057056e-03 4.747309e-03 1.860000e-03
      vertex -1.073088e-04 9.697056e-03 1.860000e-03
    endloop
  endfacet
  facet normal 0.000000e+00 0.000000e+00 1.000000e+00
    outer loop
      vertex -6.612691e-03 6.302944e-03 1.860000e-03
      vertex -1.073088e-04 9.697056e-03 1.860000e-03
      vertex -1.662944e-03 1.125269e-02 1.860000e-03
    endloop
  endfacet
  facet normal 0.000000e+00 0.000000e+00 -1.000000e+00
    outer loop
      vertex -6.612691e-03 6.302944e-03 4.860000e-03
      vertex -1.073088e-04 9.697056e-03 4.860000e-03
      vertex -5.057056e-03 4.747309e-03 4.860000e-03
    endloop
  endfacet
  facet normal 0.000000e+00 0.000000e+00 -1.000000e+00
    outer loop
      vertex -6.612691e-03 6.302944e-03 4.860000e-03
      vertex -1.662944e-03 1.125269e-02 4.860000e-03
      vertex -1.073088e-04 9.697056e-03 4.860000e-03
    endloop
  endfacet
  facet normal 7.071068e-01 7.071068e-01 -0.000000e+00
    outer loop
      vertex -6.612691e-03 6.302944e-03 1.860000e-03
      vertex -6.612691e-03 6.302944e-03 4.860000e-03
      vertex -5.057056e-03 4.747309e-03 4.860000e-03
    endloop
  endfacet
  facet normal 7.071068e-01 7.071068e-01 0.000000e+00
    outer loop
      vertex -6.612691e-03 6.302944e-03 1.860000e-03
      vertex -5.057056e-03 4.747309e-03 4.860000e-03
      vertex -5.057056e-03 4.747309e-03 1.860000e-03
    endloop
  endfacet
  facet normal -7.071068e-01 7.071068e-01 0.000000e+00
    outer loop
      vertex -5.057056e-03 4.747309e-03 1.860000e-03
      vertex -5.057056e-03 4.747309e-03 4.860000e-03
      vertex -1.073088e-04 9.697056e-03 4.860000e-03
    endloop
  endfacet
  facet normal -7.071068e-01 7.071068e-01 0.000000e+00
    outer loop
      vertex -5.057056e-03 4.747309e-03 1.860000e-03
      vertex -1.073088e-04 9.697056e-03 4.860000e-03
      vertex -1.073088e-04 9.697056e-03 1.860000e-03
    endloop
  endfacet
  facet normal -7.071065e-01 -7.071071e-01 0.000000e+00
    outer loop
      vertex -1.073088e-04 9.697056e-03 1.860000e-03
      vertex -1.073088e-04 9.697056e-03 4.860000e-03
      vertex -1.662944e-03 1.125269e-02 4.860000e-03
    endloop
  endfacet
  facet normal -7.071065e-01 -7.071071e-01 0.000000e+00
    outer loop
      vertex -1.073088e-04 9.697056e-03 1.860000e-03
      vertex -1.662944e-03 1.125269e-02 4.860000e-03
      vertex -1.662944e-03 1.125269e-02 1.860000e-03
    endloop
  endfacet
  facet normal 7.071067e-01 -7.071069e-01 0.000000e+00
    outer loop
      vertex -1.662944e-03 1.125269e-02 1.860000e-03
      vertex -1.662944e-03 1.125269e-02 4.860000e-03
      vertex -6.612691e-03 6.302944e-03 4.860000e-03
    endloop
  endfacet
  facet normal 7.071067e-01 -7.071069e-01 0.000000e+00
    outer loop
      vertex -1.662944e-03 1.125269e-02 1.860000e-03
      vertex -6.612691e-03 6.302944e-03 4.860000e-03
      vertex -6.612691e-03 6.302944e-03 1.860000e-03
    endloop
  endfacet
  facet normal 0.000000e+00 -0.000000e+00 1.000000e+00
    outer loop
      vertex -1.662944e-03 4.747309e-03 -4.860000e-03
      vertex -1.073088e-04 6.302944e-03 -4.860000e-03
      vertex -5.057056e-03 1.125269e-02 -4.860000e-03
    endloop
  endfacet
  facet normal 0.000000e+00 0.000000e+00 1.000000e+00
    outer loop
      vertex -1.662944e-03 4.747309e-03 -4.860000e-03
      vertex -5.057056e-03 1.125269e-02 -4.860000e-03
      vertex -6.612691e-03 9.697056e-03 -4.860000e-03
    endloop
  endfacet
  facet normal 0.000000e+00 0.000000e+00 -1.000000e+00
    outer loop
      vertex -1.662944e-03 4.747309e-03 -1.860000e-03
      vertex -5.057056e-03 1.125269e-02 -1.860000e-03
      vertex -1.073088e-04 6.302944e-03 -1.860000e-03
    endloop
  endfacet
  facet normal 0.000000e+00 0.000000e+00 -1.000000e+00
    outer loop
      vertex -1.662944e-03 4.747309e-03 -1.860000e-03
      vertex -6.612691e-03 9.697056e-03 -1.860000e-03
      vertex -5.057056e-03 1.125269e-02 -1.860000e-03
    endloop
  endfacet
  facet normal -7.071067e-01 7.071068e-01 0.000000e+00
    outer loop
      vertex -1.662944e-03 4.747309e-03 -4.860000e-03
      vertex -1.662944e-03 4.747309e-03 -1.860000e-03
      vertex -1.073088e-04 6.302944e-03 -1.860000e-03
    endloop
  endfacet
  facet normal -7.071067e-01 7.071068e-01 0.000000e+00
    outer loop
      vertex -1.662944e-03 4.747309e-03 -4.860000e-03
      vertex -1.073088e-04 6.302944e-03 -1.860000e-03
      vertex -1.073088e-04 6.302944e-03 -4.860000e-03
    endloop
  endfacet
  facet normal -7.071067e-01 -7.071069e-01 0.000000e+00
    outer loop
      vertex -1.073088e-04 6.302944e-03 -4.860000e-03
      vertex -1.073088e-04 6.302944e-03 -1.860000e-03
      vertex -5.057056e-03 1.125269e-02 -1.860000e-03
    endloop
  endfacet
  facet normal -7.071067e-01 -7.071069e-01 0.000000e+00
    outer loop
      vertex -1.073088e-04 6.302944e-03 -4.860000e-03
      vertex -5.057056e-03 1.125269e-02 -1.860000e-03
      vertex -5.057056e-03 1.125269e-02 -4.860000e-03
    endloop
  endfacet
  facet normal 7.071066e-01 -7.071070e-01 0.000000e+00
    outer loop
      vertex -5.057056e-03 1.125269e-02 -4.860000e-03
      vertex -5.057056e-03 1.125269e-02 -1.860000e-03
      vertex -6.612691e-03 9.697056e-03 -1.860000e-03
    endloop
  endfacet
  facet normal 7.071066e-01 -7.071070e-01 0.000000e+00
    outer loop
      vertex -5.057056e-03 1.125269e-02 -4.860000e-03
      vertex -6.612691e-03 9.697056e-03 -1.860000e-03
      vertex -6.612691e-03 9.697056e-03 -4.860000e-03
    endloop
  endfacet
  facet normal 7.071068e-01 7.071068e-01 -0.000000e+00
    outer loop
      vertex -6.612691e-03 9.697056e-03 -4.860000e-03
      vertex -6.612691e-03 9.697056e-03 -1.860000e-03
      vertex -1.662944e-03 4.747309e-03 -1.860000e-03
    endloop
  endfacet
  facet normal 7.071068e-01 7.071068e-01 0.000000e+00
    outer loop
      vertex -6.612691e-03 9.697056e-03 -4.860000e-03
      vertex -1.662944e-03 4.747309e-03 -1.860000e-03
      vertex -1.662944e-03 4.747309e-03 -4.860000e-03
    endloop
  endfacet
  facet normal -0.000000e+00 0.000000e+00 1.000000e+00
    outer loop
      vertex 1.073088e-04 6.302944e-03 -4.860000e-03
      vertex 1.662944e-03 4.747309e-03 -4.860000e-03
      vertex 6.612691e-03 9.697056e-03 -4.860000e-03
    endloop
  endfacet
  facet normal 0.000000e+00 0.000000e+00 1.000000e+00
    outer loop
      vertex 1.073088e-04 6.302944e-03 -4.860000e-03
      vertex 6.612691e-03 9.697056e-03 -4.860000e-03
      vertex 5.057056e-03 1.125269e-02 -4.860000e-03
    endloop
  endfacet
  facet normal 0.000000e+00 0.000000e+00 -1.000000e+00
    outer loop
      vertex 1.073088e-04 6.302944e-03 -1.860000e-03
      vertex 6.612691e-03 9.697056e-03 -1.860000e-03
      vertex 1.662944e-03 4.747309e-03 -1.860000e-03
    endloop
  endfacet
  facet normal 0.000000e+00 0.000000e+00 -1.000000e+00
    outer loop
      vertex 1.073088e-04 6.302944e-03 -1.860000e-03
      vertex 5.057056e-03 1.125269e-02 -1.860000e-03
      vertex 6.612691e-03 9.697056e-03 -1.860000e-03
    endloop
  endfacet
  facet normal 7.071067e-01 7.071068e-01 -0.000000e+00
    outer loop
      vertex 1.073088e-04 6.302944e-03 -4.860000e-03
      vertex 1.073088e-04 6.302944e-03 -1.860000e-03
      vertex 1.662944e-03 4.747309e-03 -1.860000e-03
    endloop
  endfacet
  facet normal 7.071067e-01 7.071068e-01 0.000000e+00
    outer loop
      vertex 1.073088e-04 6.302944e-03 -4.860000e-03
      vertex 1.662944e-03 4.747309e-03 -1.860000e-03
      vertex 1.662944e-03 4.747309e-03 -4.860000e-03
    endloop
  endfacet
  facet normal -7.071068e-01 7.071068e-01 0.000000e+00
    outer loop
      vertex 1.662944e-03 4.747309e-03 -4.860000e-03
      vertex 1.662944e-03 4.747309e-03 -1.860000e-03
      vertex 6.612691e-03 9.697056e-03 -1.860000e-03
    endloop
  endfacet
  facet normal -7.071068e-01 7.071068e-01 0.000000e+00
    outer loop
      vertex 1.662944e-03 4.747309e-03 -4.860000e-03
      vertex 6.612691e-03 9.697056e-03 -1.860000e-03
      vertex 6.612691e-03 9.697056e-03 -4.860000e-03
    endloop
  endfacet
  facet normal -7.071066e-01 -7.071070e-01 0.000000e+00
    outer loop
      vertex 6.612691e-03 9.697056e-03 -4.860000e-03
      vertex 6.612691e-03 9.697056e-03 -1.860000e-03
      vertex 5.057056e-03 1.125269e-02 -1.860000e-03
    endloop
  endfacet
  facet normal -7.071066e-01 -7.071070e-01 0.000000e+00
    outer loop
      vertex 6.612691e-03 9.697056e-03 -4.860000e-03
      vertex 5.057056e-03 1.125269e-02 -1.860000e-03
      vertex 5.057056e-03 1.125269e-02 -4.860000e-03
    endloop
  endfacet
  facet normal 7.071067e-01 -7.071069e-01 0.000000e+00
    outer loop
      vertex 5.057056e-03 1.125269e-02 -4.860000e-03
      vertex 5.057056e-03 1.125269e-02 -1.860000e-03
      vertex 1.073088e-04 6.302944e-03 -1.860000e-03
    endloop
  endfacet
  facet normal 7.071067e-01 -7.071069e-01 0.000000e+00
    outer loop
      vertex 5.057056e-03 1.125269e-02 -4.860000e-03
      vertex 1.073088e-04 6.302944e-03 -1.860000e-03
      vertex 1.073088e-04 6.302944e-03 -4.860000e-03
    endloop
  endfacet
  facet normal 0.000000e+00 0.000000e+00 1.000000e+00
    outer loop
      vertex 3.220000e-03 1.100000e-02 3.220000e-03
      vertex 5.420000e-03 1.100000e-02 3.220000e-03
      vertex 5.420000e-03 2.500000e-02 3.220000e-03
    endloop
  endfacet
  facet normal 0.000000e+00 0.000000e+00 1.000000e+00
    outer loop
      vertex 3.220000e-03 1.100000e-02 3.220000e-03
      vertex 5.420000e-03 2.500000e-02 3.220000e-03
      vertex 3.220000e-03 2.500000e-02 3.220000e-03
    endloop
  endfacet
  facet normal 0.000000e+00 0.000000e+00 -1.000000e+00
    outer loop
      vertex 3.220000e-03 1.100000e-02 5.420000e-03
      vertex 5.420000e-03 2.500000e-02 5.420000e-03
      vertex 5.420000e-03 1.100000e-02 5.420000e-03
    endloop
  endfacet
  facet normal 0.000000e+00 0.000000e+00 -1.000000e+00
    outer loop
      vertex 3.220000e-03 1.100000e-02 5.420000e-03
      vertex 3.220000e-03 2.500000e-02 5.420000e-03
      vertex 5.420000e-03 2.500000e-02 5.420000e-03
    endloop
  endfacet
  facet normal 0.000000e+00 1.000000e+00 0.000000e+00
    outer loop
      vertex 3.220000e-03 1.100000e-02 3.220000e-03
      vertex 3.220000e-03 1.100000e-02 5.420000e-03
      vertex 5.420000e-03 1.100000e-02 5.420000e-03
    endloop
  endfacet
  facet normal 0.000000e+00 1.000000e+00 0.000000e+00
    outer loop
      vertex 3.220000e-03 1.100000e-02 3.220000e-03
      vertex 5.420000e-03 1.100000e-02 5.420000e-03
      vertex 5.420000e-03 1.100000e-02 3.220000e-03
    endloop
  endfacet
  facet normal -1.000000e+00 0.000000e+00 0.000000e+00
    outer loop
      vertex 5.420000e-03 1.100000e-02 3.220000e-03
      vertex 5.420000e-03 1.100000e-02 5.420000e-03
      vertex 5.420000e-03 2.500000e-02 5.420000e-03
    endloop
  endfacet
  facet normal -1.000000e+00 0.000000e+00 0.000000e+00
    outer loop
      vertex 5.420000e-03 1.100000e-02 3.220000e-03
      vertex 5.420000e-03 2.500000e-02 5.420000e-03
      vertex 5.420000e-03 2.500000e-02 3.220000e-03
    endloop
  endfacet
  facet normal 0.000000e+00 -1.000000e+00 0.000000e+00
    outer loop
      vertex 5.420000e-03 2.500000e-02 3.220000e-03
      vertex 5.420000e-03 2.500000e-02 5.420000e-03
      vertex 3.220000e-03 2.500000e-02 5.420000e-03
    endloop
  endfacet
  facet normal 0.000000e+00 -1.000000e+00 0.000000e+00
    outer loop
      vertex 5.420000e-03 2.500000e-02 3.220000e-03
      vertex 3.220000e-03 2.500000e-02 5.420000e-03
      vertex 3.220000e-03 2.500000e-02 3.220000e-03
    endloop
  endfacet
  facet normal 1.000000e+00 0.000000e+00 -0.000000e+00
    outer loop
      vertex 3.220000e-03 2.500000e-02 3.220000e-03
      vertex 3.220000e-03 2.500000e-02 5.420000e-03
      vertex 3.220000e-03 1.100000e-02 5.420000e-03
    endloop
  endfacet
  facet normal 1.000000e+00 0.000000e+00 0.000000e+00
    outer loop
      vertex 3.220000e-03 2.500000e-02 3.220000e-03
      vertex 3.220000e-03 1.100000e-02 5.420000e-03
      vertex 3.220000e-03 1.100000e-02 3.220000e-03
    endloop
  endfacet
  facet normal 0.000000e+00 0.000000e+00 1.000000e+00
    outer loop
      vertex 3.400000e-03 2.500000e-02 3.400000e-03
      vertex 6.200000e-03 2.500000e-02 3.400000e-03
      vertex 6.200000e-03 3.200000e-02 3.400000e-03
    endloop
  endfacet
  facet normal 0.000000e+00 0.000000e+00 1.000000e+00
    outer loop
      vertex 3.400000e-03 2.500000e-02 3.400000e-03
      vertex 6.200000e-03 3.200000e-02 3.400000e-03
      vertex 3.400000e-03 3.200000e-02 3.400000e-03
    endloop
  endfacet
  facet normal 0.000000e+00 0.000000e+00 -1.000000e+00
    outer loop
      vertex 3.400000e-03 2.500000e-02 6.200000e-03
      vertex 6.200000e-03 3.200000e-02 6.200000e-03
      vertex 6.200000e-03 2.500000e-02 6.200000e-03
    endloop
  endfacet
  facet normal 0.000000e+00 0.000000e+00 -1.000000e+00
    outer loop
      vertex 3.400000e-03 2.500000e-02 6.200000e-03
      vertex 3.400000e-03 3.200000e-02 6.200000e-03
      vertex 6.200000e-03 3.200000e-02 6.200000e-03
    endloop
  endfacet
  facet normal 0.000000e+00 1.000000e+00 0.000000e+00
    outer loop
      vertex 3.400000e-03 2.500000e-02 3.400000e-03
      vertex 3.400000e-03 2.500000e-02 6.200000e-03
      vertex 6.200000e-03 2.500000e-02 6.200000e-03
    endloop
  endfacet
  facet normal 0.000000e+00 1.000000e+00 0.000000e+00
    outer loop
      vertex 3.400000e-03 2.500000e-02 3.400000e-03
      vertex 6.200000e-03 2.500000e-02 6.200000e-03
      vertex 6.200000e-03 2.500000e-02 3.400000e-03
    endloop
  endfacet
  facet normal -1.000000e+00 0.000000e+00 0.000000e+00
    outer loop
      vertex 6.200000e-03 2.500000e-02 3.400000e-03
      vertex 6.200000e-03 2.500000e-02 6.200000e-03
      vertex 6.200000e-03 3.200000e-02 6.200000e-03
    endloop
  endfacet
  facet normal -1.000000e+00 0.000000e+00 0.000000e+00
    outer loop
      vertex 6.200000e-03 2.500000e-02 3.400000e-03
      vertex 6.200000e-03 3.200000e-02 6.200000e-03
      vertex 6.200000e-03 3.200000e-02 3.400000e-03
    endloop
  endfacet
  facet normal 0.000000e+00 -1.000000e+00 0.000000e+00
    outer loop
      vertex 6.200000e-03 3.200000e-02 3.400000e-03
      vertex 6.200000e-03 3.200000e-02 6.200000e-03
      vertex 3.400000e-03 3.200000e-02 6.200000e-03
    endloop
  endfacet
  facet normal 0.000000e+00 -1.000000e+00 0.000000e+00
    outer loop
      vertex 6.200000e-03 3.200000e-02 3.400000e-03
      vertex 3.400000e-03 3.200000e-02 6.200000e-03
      vertex 3.400000e-03 3.200000e-02 3.400000e-03
    endloop
  endfacet
  facet normal 1.000000e+00 0.000000e+00 -0.000000e+00
    outer loop
      vertex 3.400000e-03 3.200000e-02 3.400000e-03
      vertex 3.400000e-03 3.200000e-02 6.200000e-03
      vertex 3.400000e-03 2.500000e-02 6.200000e-03
    endloop
  endfacet
  facet normal 1.000000e+00 0.000000e+00 0.000000e+00
    outer loop
      vertex 3.400000e-03 3.200000e-02 3.400000e-03
      vertex 3.400000e-03 2.500000e-02 6.200000e-03
      vertex 3.400000e-03 2.500000e-02 3.400000e-03
    endloop
  endfacet
  facet normal -9.914448e-01 0.000000e+00 -1.305265e-01
    outer loop
      vertex 6.200000e-03 3.200000e-02 4.800000e-03
      vertex 6.152296e-03 3.200000e-02 5.162347e-03
      vertex 6.152296e-03 3.500000e-02 5.162347e-03
    endloop
  endfacet
  facet normal -9.914448e-01 0.000000e+00 -1.305265e-01
    outer loop
      vertex 6.200000e-03 3.200000e-02 4.800000e-03
      vertex 6.152296e-03 3.500000e-02 5.162347e-03
      vertex 6.200000e-03 3.500000e-02 4.800000e-03
    endloop
  endfacet
  facet normal 0.000000e+00 1.000000e+00 0.000000e+00
    outer loop
      vertex 4.800000e-03 3.200000e-02 4.800000e-03
      vertex 6.152296e-03 3.200000e-02 5.162347e-03
      vertex 6.200000e-03 3.200000e-02 4.800000e-03
    endloop
  endfacet
  facet normal 0.000000e+00 -1.000000e+00 0.000000e+00
    outer loop
      vertex 4.800000e-03 3.500000e-02 4.800000e-03
      vertex 6.200000e-03 3.500000e-02 4.800000e-03
      vertex 6.152296e-03 3.500000e-02 5.162347e-03
    endloop
  endfacet
  facet normal -9.238800e-01 0.000000e+00 -3.826824e-01
    outer loop
      vertex 6.152296e-03 3.200000e-02 5.162347e-03
      vertex 6.012436e-03 3.200000e-02 5.500000e-03
      vertex 6.012436e-03 3.500000e-02 5.500000e-03
    endloop
  endfacet
  facet normal -9.238800e-01 0.000000e+00 -3.826824e-01
    outer loop
      vertex 6.152296e-03 3.200000e-02 5.162347e-03
      vertex 6.012436e-03 3.500000e-02 5.500000e-03
      vertex 6.152296e-03 3.500000e-02 5.162347e-03
    endloop
  endfacet
  facet normal 0.000000e+00 1.000000e+00 0.000000e+00
    outer loop
      vertex 4.800000e-03 3.200000e-02 4.800000e-03
      vertex 6.012436e-03 3.200000e-02 5.500000e-03
      vertex 6.152296e-03 3.200000e-02 5.162347e-03
    endloop
  endfacet
  facet normal 0.000000e+00 -1.000000e+00 0.000000e+00
    outer loop
      vertex 4.800000e-03 3.500000e-02 4.800000e-03
      vertex 6.152296e-03 3.500000e-02 5.162347e-03
      vertex 6.012436e-03 3.500000e-02 5.500000e-03
    endloop
  endfacet
  facet normal -7.933516e-01 0.000000e+00 -6.087637e-01
    outer loop
      vertex 6.012436e-03 3.200000e-02 5.500000e-03
      vertex 5.789949e-03 3.200000e-02 5.789949e-03
      vertex 5.789949e-03 3.500000e-02 5.789949e-03
    endloop
  endfacet
  facet normal -7.933516e-01 0.000000e+00 -6.087637e-01
    outer loop
      vertex 6.012436e-03 3.200000e-02 5.500000e-03
      vertex 5.789949e-03 3.500000e-02 5.789949e-03
      vertex 6.012436e-03 3.500000e-02 5.500000e-03
    endloop
  endfacet
  facet normal 0.000000e+00 1.000000e+00 0.000000e+00
    outer loop
      vertex 4.800000e-03 3.200000e-02 4.800000e-03
      vertex 5.789949e-03 3.200000e-02 5.789949e-03
      vertex 6.012436e-03 3.200000e-02 5.500000e-03
    endloop
  endfacet
  facet normal 0.000000e+00 -1.000000e+00 0.000000e+00
    outer loop
      vertex 4.800000e-03 3.500000e-02 4.800000e-03
      vertex 6.012436e-03 3.500000e-02 5.500000e-03
      vertex 5.789949e-03 3.500000e-02 5.789949e-03
    endloop
  endfacet
  facet normal -6.087637e-01 0.000000e+00 -7.933516e-01
    outer loop
      vertex 5.789949e-03 3.200000e-02 5.789949e-03
      vertex 5.500000e-03 3.200000e-02 6.012436e-03
      vertex 5.500000e-03 3.500000e-02 6.012436e-03
    endloop
  endfacet
  facet normal -6.087637e-01 0.000000e+00 -7.933516e-01
    outer loop
      vertex 5.789949e-03 3.200000e-02 5.789949e-03
      vertex 5.500000e-03 3.500000e-02 6.012436e-03
      vertex 5.789949e-03 3.500000e-02 5.789949e-03
    endloop
  endfacet
  facet normal 0.000000e+00 1.000000e+00 0.000000e+00
    outer loop
      vertex 4.800000e-03 3.200000e-02 4.800000e-03
      vertex 5.500000e-03 3.200000e-02 6.012436e-03
      vertex 5.789949e-03 3.200000e-02 5.789949e-03
    endloop
  endfacet
  facet normal 0.000000e+00 -1.000000e+00 0.000000e+00
    outer loop
      vertex 4.800000e-03 3.500000e-02 4.800000e-03
      vertex 5.789949e-03 3.500000e-02 5.789949e-03
      vertex 5.500000e-03 3.500000e-02 6.012436e-03
    endloop
  endfacet
  facet normal -3.826824e-01 0.000000e+00 -9.238800e-01
    outer loop
      vertex 5.500000e-03 3.200000e-02 6.012436e-03
      vertex 5.162347e-03 3.200000e-02 6.152296e-03
      vertex 5.162347e-03 3.500000e-02 6.152296e-03
    endloop
  endfacet
  facet normal -3.826824e-01 0.000000e+00 -9.238800e-01
    outer loop
      vertex 5.500000e-03 3.200000e-02 6.012436e-03
      vertex 5.162347e-03 3.500000e-02 6.152296e-03
      vertex 5.500000e-03 3.500000e-02 6.012436e-03
    endloop
  endfacet
  facet normal 0.000000e+00 1.000000e+00 0.000000e+00
    outer loop
      vertex 4.800000e-03 3.200000e-02 4.800000e-03
      vertex 5.162347e-03 3.200000e-02 6.152296e-03
      vertex 5.500000e-03 3.200000e-02 6.012436e-03
    endloop
  endfacet
  facet normal 0.000000e+00 -1.000000e+00 0.000000e+00
    outer loop
      vertex 4.800000e-03 3.500000e-02 4.800000e-03
      vertex 5.500000e-03 3.500000e-02 6.012436e-03
      vertex 5.162347e-03 3.500000e-02 6.152296e-03
    endloop
  endfacet
  facet normal -1.305265e-01 0.000000e+00 -9.914448e-01
    outer loop
      vertex 5.162347e-03 3.200000e-02 6.152296e-03
      vertex 4.800000e-03 3.200000e-02 6.200000e-03
      vertex 4.800000e-03 3.500000e-02 6.200000e-03
    endloop
  endfacet
  facet normal -1.305265e-01 0.000000e+00 -9.914448e-01
    outer loop
      vertex 5.162347e-03 3.200000e-02 6.152296e-03
      vertex 4.800000e-03 3.500000e-02 6.200000e-03
      vertex 5.162347e-03 3.500000e-02 6.152296e-03
    endloop
  endfacet
  facet normal 0.000000e+00 1.000000e+00 0.000000e+00
    outer loop
      vertex 4.800000e-03 3.200000e-02 4.800000e-03
      vertex 4.800000e-03 3.200000e-02 6.200000e-03
      vertex 5.162347e-03 3.200000e-02 6.152296e-03
    endloop
  endfacet
  facet normal 0.000000e+00 -1.000000e+00 0.000000e+00
    outer loop
      vertex 4.800000e-03 3.500000e-02 4.800000e-03
      vertex 5.162347e-03 3.500000e-02 6.152296e-03
      vertex 4.800000e-03 3.500000e-02 6.200000e-03
    endloop
  endfacet
  facet normal 1.305265e-01 0.000000e+00 -9.914448e-01
    outer loop
      vertex 4.800000e-03 3.200000e-02 6.200000e-03
      vertex 4.437653e-03 3.200000e-02 6.152296e-03
      vertex 4.437653e-03 3.500000e-02 6.152296e-03
    endloop
  endfacet
  facet normal 1.305265e-01 0.000000e+00 -9.914448e-01
    outer loop
      vertex 4.800000e-03 3.200000e-02 6.200000e-03
      vertex 4.437653e-03 3.500000e-02 6.152296e-03
      vertex 4.800000e-03 3.500000e-02 6.200000e-03
    endloop
  endfacet
  facet normal 0.000000e+00 1.000000e+00 -0.000000e+00
    outer loop
      vertex 4.800000e-03 3.200000e-02 4.800000e-03
      vertex 4.437653e-03 3.200000e-02 6.152296e-03
      vertex 4.800000e-03 3.200000e-02 6.200000e-03
    endloop
  endfacet
  facet normal 0.000000e+00 -1.000000e+00 0.000000e+00
    outer loop
      vertex 4.800000e-03 3.500000e-02 4.800000e-03
      vertex 4.800000e-03 3.500000e-02 6.200000e-03
      vertex 4.437653e-03 3.500000e-02 6.152296e-03
    endloop
  endfacet
  facet normal 3.826824e-01 0.000000e+00 -9.238800e-01
    outer loop
      vertex 4.437653e-03 3.200000e-02 6.152296e-03
      vertex 4.100000e-03 3.200000e-02 6.012436e-03
      vertex 4.100000e-03 3.500000e-02 6.012436e-03
    endloop
  endfacet
  facet normal 3.826824e-01 0.000000e+00 -9.238800e-01
    outer loop
      vertex 4.437653e-03 3.200000e-02 6.152296e-03
      vertex 4.100000e-03 3.500000e-02 6.012436e-03
      vertex 4.437653e-03 3.500000e-02 6.152296e-03
    endloop
  endfacet
  facet normal 0.000000e+00 1.000000e+00 0.000000e+00
    outer loop
      vertex 4.800000e-03 3.200000e-02 4.800000e-03
      vertex 4.100000e-03 3.200000e-02 6.012436e-03
      vertex 4.437653e-03 3.200000e-02 6.152296e-03
    endloop
  endfacet
  facet normal 0.000000e+00 -1.000000e+00 0.000000e+00
    outer loop
      vertex 4.800000e-03 3.500000e-02 4.800000e-03
      vertex 4.437653e-03 3.500000e-02 6.152296e-03
      vertex 4.100000e-03 3.500000e-02 6.012436e-03
    endloop
  endfacet
  facet normal 6.087637e-01 0.000000e+00 -7.933516e-01
    outer loop
      vertex 4.100000e-03 3.200000e-02 6.012436e-03
      vertex 3.810051e-03 3.200000e-02 5.789949e-03
      vertex 3.810051e-03 3.500000e-02 5.789949e-03
    endloop
  endfacet
  facet normal 6.087637e-01 0.000000e+00 -7.933516e-01
    outer loop
      vertex 4.100000e-03 3.200000e-02 6.012436e-03
      vertex 3.810051e-03 3.500000e-02 5.789949e-03
      vertex 4.100000e-03 3.500000e-02 6.012436e-03
    endloop
  endfacet
  facet normal 0.000000e+00 1.000000e+00 0.000000e+00
    outer loop
      vertex 4.800000e-03 3.200000e-02 4.800000e-03
      vertex 3.810051e-03 3.200000e-02 5.789949e-03
      vertex 4.100000e-03 3.200000e-02 6.012436e-03
    endloop
  endfacet
  facet normal 0.000000e+00 -1.000000e+00 0.000000e+00
    outer loop
      vertex 4.800000e-03 3.500000e-02 4.800000e-03
      vertex 4.100000e-03 3.500000e-02 6.012436e-03
      vertex 3.810051e-03 3.500000e-02 5.789949e-03
    endloop
  endfacet
  facet normal 7.933516e-01 0.000000e+00 -6.087637e-01
    outer loop
      vertex 3.810051e-03 3.200000e-02 5.789949e-03
      vertex 3.587564e-03 3.200000e-02 5.500000e-03
      vertex 3.587564e-03 3.500000e-02 5.500000e-03
    endloop
  endfacet
  facet normal 7.933516e-01 0.000000e+00 -6.087637e-01
    outer loop
      vertex 3.810051e-03 3.200000e-02 5.789949e-03
      vertex 3.587564e-03 3.500000e-02 5.500000e-03
      vertex 3.810051e-03 3.500000e-02 5.789949e-03
    endloop
  endfacet
  facet normal 0.000000e+00 1.000000e+00 0.000000e+00
    outer loop
      vertex 4.800000e-03 3.200000e-02 4.800000e-03
      vertex 3.587564e-03 3.200000e-02 5.500000e-03
      vertex 3.810051e-03 3.200000e-02 5.789949e-03
    endloop
  endfacet
  facet normal 0.000000e+00 -1.000000e+00 0.000000e+00
    outer loop
      vertex 4.800000e-03 3.500000e-02 4.800000e-03
      vertex 3.810051e-03 3.500000e-02 5.789949e-03
      vertex 3.587564e-03 3.500000e-02 5.500000e-03
    endloop
  endfacet
  facet normal 9.238800e-01 0.000000e+00 -3.826824e-01
    outer loop
      vertex 3.587564e-03 3.200000e-02 5.500000e-03
      vertex 3.447704e-03 3.200000e-02 5.162347e-03
      vertex 3.447704e-03 3.500000e-02 5.162347e-03
    endloop
  endfacet
  facet normal 9.238800e-01 0.000000e+00 -3.826824e-01
    outer loop
      vertex 3.587564e-03 3.200000e-02 5.500000e-03
      vertex 3.447704e-03 3.500000e-02 5.162347e-03
      vertex 3.587564e-03 3.500000e-02 5.500000e-03
    endloop
  endfacet
  facet normal 0.000000e+00 1.000000e+00 0.000000e+00
    outer loop
      vertex 4.800000e-03 3.200000e-02 4.800000e-03
      vertex 3.447704e-03 3.200000e-02 5.162347e-03
      vertex 3.587564e-03 3.200000e-02 5.500000e-03
    endloop
  endfacet
  facet normal 0.000000e+00 -1.000000e+00 0.000000e+00
    outer loop
      vertex 4.800000e-03 3.500000e-02 4.800000e-03
      vertex 3.587564e-03 3.500000e-02 5.500000e-03
      vertex 3.447704e-03 3.500000e-02 5.162347e-03
    endloop
  endfacet
  facet normal 9.914448e-01 0.000000e+00 -1.305265e-01
    outer loop
      vertex 3.447704e-03 3.200000e-02 5.162347e-03
      vertex 3.400000e-03 3.200000e-02 4.800000e-03
      vertex 3.400000e-03 3.500000e-02 4.800000e-03
    endloop
  endfacet
  facet normal 9.914448e-01 0.000000e+00 -1.305265e-01
    outer loop
      vertex 3.447704e-03 3.200000e-02 5.162347e-03
      vertex 3.400000e-03 3.500000e-02 4.800000e-03
      vertex 3.447704e-03 3.500000e-02 5.162347e-03
    endloop
  endfacet
  facet normal 0.000000e+00 1.000000e+00 0.000000e+00
    outer loop
      vertex 4.800000e-03 3.200000e-02 4.800000e-03
      vertex 3.400000e-03 3.200000e-02 4.800000e-03
      vertex 3.447704e-03 3.200000e-02 5.162347e-03
    endloop
  endfacet
  facet normal 0.000000e+00 -1.000000e+00 0.000000e+00
    outer loop
      vertex 4.800000e-03 3.500000e-02 4.800000e-03
      vertex 3.447704e-03 3.500000e-02 5.162347e-03
      vertex 3.400000e-03 3.500000e-02 4.800000e-03
    endloop
  endfacet
  facet normal 9.914448e-01 0.000000e+00 1.305265e-01
    outer loop
      vertex 3.400000e-03 3.200000e-02 4.800000e-03
      vertex 3.447704e-03 3.200000e-02 4.437653e-03
      vertex 3.447704e-03 3.500000e-02 4.437653e-03
    endloop
  endfacet
  facet normal 9.914448e-01 -0.000000e+00 1.305265e-01
    outer loop
      vertex 3.400000e-03 3.200000e-02 4.800000e-03
      vertex 3.447704e-03 3.500000e-02 4.437653e-03
      vertex 3.400000e-03 3.500000e-02 4.800000e-03
    endloop
  endfacet
  facet normal 0.000000e+00 1.000000e+00 0.000000e+00
    outer loop
      vertex 4.800000e-03 3.200000e-02 4.800000e-03
      vertex 3.447704e-03 3.200000e-02 4.437653e-03
      vertex 3.400000e-03 3.200000e-02 4.800000e-03
    endloop
  endfacet
  facet normal -0.000000e+00 -1.000000e+00 0.000000e+00
    outer loop
      vertex 4.800000e-03 3.500000e-02 4.800000e-03
      vertex 3.400000e-03 3.500000e-02 4.800000e-03
      vertex 3.447704e-03 3.500000e-02 4.437653e-03
    endloop
  endfacet
  facet normal 9.238800e-01 0.000000e+00 3.826824e-01
    outer loop
      vertex 3.447704e-03 3.200000e-02 4.437653e-03
      vertex 3.587564e-03 3.200000e-02 4.100000e-03
      vertex 3.587564e-03 3.500000e-02 4.100000e-03
    endloop
  endfacet
  facet normal 9.238800e-01 -0.000000e+00 3.826824e-01
    outer loop
      vertex 3.447704e-03 3.200000e-02 4.437653e-03
      vertex 3.587564e-03 3.500000e-02 4.100000e-03
      vertex 3.447704e-03 3.500000e-02 4.437653e-03
    endloop
  endfacet
  facet normal 0.000000e+00 1.000000e+00 0.000000e+00
    outer loop
      vertex 4.800000e-03 3.200000e-02 4.800000e-03
      vertex 3.587564e-03 3.200000e-02 4.100000e-03
      vertex 3.447704e-03 3.200000e-02 4.437653e-03
    endloop
  endfacet
  facet normal 0.000000e+00 -1.000000e+00 0.000000e+00
    outer loop
      vertex 4.800000e-03 3.500000e-02 4.800000e-03
      vertex 3.447704e-03 3.500000e-02 4.437653e-03
      vertex 3.587564e-03 3.500000e-02 4.100000e-03
    endloop
  endfacet
  facet normal 7.933516e-01 0.000000e+00 6.087637e-01
    outer loop
      vertex 3.587564e-03 3.200000e-02 4.100000e-03
      vertex 3.810051e-03 3.200000e-02 3.810051e-03
      vertex 3.810051e-03 3.500000e-02 3.810051e-03
    endloop
  endfacet
  facet normal 7.933516e-01 -0.000000e+00 6.087637e-01
    outer loop
      vertex 3.587564e-03 3.200000e-02 4.100000e-03
      vertex 3.810051e-03 3.500000e-02 3.810051e-03
      vertex 3.587564e-03 3.500000e-02 4.100000e-03
    endloop
  endfacet
  facet normal 0.000000e+00 1.000000e+00 0.000000e+00
    outer loop
      vertex 4.800000e-03 3.200000e-02 4.800000e-03
      vertex 3.810051e-03 3.200000e-02 3.810051e-03
      vertex 3.587564e-03 3.200000e-02 4.100000e-03
    endloop
  endfacet
  facet normal 0.000000e+00 -1.000000e+00 0.000000e+00
    outer loop
      vertex 4.800000e-03 3.500000e-02 4.800000e-03
      vertex 3.587564e-03 3.500000e-02 4.100000e-03
      vertex 3.810051e-03 3.500000e-02 3.810051e-03
    endloop
  endfacet
  facet normal 6.087637e-01 0.000000e+00 7.933516e-01
    outer loop
      vertex 3.810051e-03 3.200000e-02 3.810051e-03
      vertex 4.100000e-03 3.200000e-02 3.587564e-03
      vertex 4.100000e-03 3.500000e-02 3.587564e-03
    endloop
  endfacet
  facet normal 6.087637e-01 -0.000000e+00 7.933516e-01
    outer loop
      vertex 3.810051e-03 3.200000e-02 3.810051e-03
      vertex 4.100000e-03 3.500000e-02 3.587564e-03
      vertex 3.810051e-03 3.500000e-02 3.810051e-03
    endloop
  endfacet
  facet normal 0.000000e+00 1.000000e+00 0.000000e+00
    outer loop
      vertex 4.800000e-03 3.200000e-02 4.800000e-03
      vertex 4.100000e-03 3.200000e-02 3.587564e-03
      vertex 3.810051e-03 3.200000e-02 3.810051e-03
    endloop
  endfacet
  facet normal 0.000000e+00 -1.000000e+00 0.000000e+00
    outer loop
      vertex 4.800000e-03 3.500000e-02 4.800000e-03
      vertex 3.810051e-03 3.500000e-02 3.810051e-03
      vertex 4.100000e-03 3.500000e-02 3.587564e-03
    endloop
  endfacet
  facet normal 3.826824e-01 0.000000e+00 9.238800e-01
    outer loop
      vertex 4.100000e-03 3.200000e-02 3.587564e-03
      vertex 4.437653e-03 3.200000e-02 3.447704e-03
      vertex 4.437653e-03 3.500000e-02 3.447704e-03
    endloop
  endfacet
  facet normal 3.826824e-01 -0.000000e+00 9.238800e-01
    outer loop
      vertex 4.100000e-03 3.200000e-02 3.587564e-03
      vertex 4.437653e-03 3.500000e-02 3.447704e-03
      vertex 4.100000e-03 3.500000e-02 3.587564e-03
    endloop
  endfacet
  facet normal 0.000000e+00 1.000000e+00 0.000000e+00
    outer loop
      vertex 4.800000e-03 3.200000e-02 4.800000e-03
      vertex 4.437653e-03 3.200000e-02 3.447704e-03
      vertex 4.100000e-03 3.200000e-02 3.587564e-03
    endloop
  endfacet
  facet normal 0.000000e+00 -1.000000e+00 0.000000e+00
    outer loop
      vertex 4.800000e-03 3.500000e-02 4.800000e-03
      vertex 4.100000e-03 3.500000e-02 3.587564e-03
      vertex 4.437653e-03 3.500000e-02 3.447704e-03
    endloop
  endfacet
  facet normal 1.305265e-01 0.000000e+00 9.914448e-01
    outer loop
      vertex 4.437653e-03 3.200000e-02 3.447704e-03
      vertex 4.800000e-03 3.200000e-02 3.400000e-03
      vertex 4.800000e-03 3.500000e-02 3.400000e-03
    endloop
  endfacet
  facet normal 1.305265e-01 -0.000000e+00 9.914448e-01
    outer loop
      vertex 4.437653e-03 3.200000e-02 3.447704e-03
      vertex 4.800000e-03 3.500000e-02 3.400000e-03
      vertex 4.437653e-03 3.500000e-02 3.447704e-03
    endloop
  endfacet
  facet normal 0.000000e+00 1.000000e+00 0.000000e+00
    outer loop
      vertex 4.800000e-03 3.200000e-02 4.800000e-03
      vertex 4.800000e-03 3.200000e-02 3.400000e-03
      vertex 4.437653e-03 3.200000e-02 3.447704e-03
    endloop
  endfacet
  facet normal 0.000000e+00 -1.000000e+00 -0.000000e+00
    outer loop
      vertex 4.800000e-03 3.500000e-02 4.800000e-03
      vertex 4.437653e-03 3.500000e-02 3.447704e-03
      vertex 4.800000e-03 3.500000e-02 3.400000e-03
    endloop
  endfacet
  facet normal -1.305265e-01 0.000000e+00 9.914448e-01
    outer loop
      vertex 4.800000e-03 3.200000e-02 3.400000e-03
      vertex 5.162347e-03 3.200000e-02 3.447704e-03
      vertex 5.162347e-03 3.500000e-02 3.447704e-03
    endloop
  endfacet
  facet normal -1.305265e-01 0.000000e+00 9.914448e-01
    outer loop
      vertex 4.800000e-03 3.200000e-02 3.400000e-03
      vertex 5.162347e-03 3.500000e-02 3.447704e-03
      vertex 4.800000e-03 3.500000e-02 3.400000e-03
    endloop
  endfacet
  facet normal 0.000000e+00 1.000000e+00 0.000000e+00
    outer loop
      vertex 4.800000e-03 3.200000e-02 4.800000e-03
      vertex 5.162347e-03 3.200000e-02 3.447704e-03
      vertex 4.800000e-03 3.200000e-02 3.400000e-03
    endloop
  endfacet
  facet normal 0.000000e+00 -1.000000e+00 0.000000e+00
    outer loop
      vertex 4.800000e-03 3.500000e-02 4.800000e-03
      vertex 4.800000e-03 3.500000e-02 3.400000e-03
      vertex 5.162347e-03 3.500000e-02 3.447704e-03
    endloop
  endfacet
  facet normal -3.826824e-01 0.000000e+00 9.238800e-01
    outer loop
      vertex 5.162347e-03 3.200000e-02 3.447704e-03
      vertex 5.500000e-03 3.200000e-02 3.587564e-03
      vertex 5.500000e-03 3.500000e-02 3.587564e-03
    endloop
  endfacet
  facet normal -3.826824e-01 0.000000e+00 9.238800e-01
    outer loop
      vertex 5.162347e-03 3.200000e-02 3.447704e-03
      vertex 5.500000e-03 3.500000e-02 3.587564e-03
      vertex 5.162347e-03 3.500000e-02 3.447704e-03
    endloop
  endfacet
  facet normal 0.000000e+00 1.000000e+00 0.000000e+00
    outer loop
      vertex 4.800000e-03 3.200000e-02 4.800000e-03
      vertex 5.500000e-03 3.200000e-02 3.587564e-03
      vertex 5.162347e-03 3.200000e-02 3.447704e-03
    endloop
  endfacet
  facet normal 0.000000e+00 -1.000000e+00 0.000000e+00
    outer loop
      vertex 4.800000e-03 3.500000e-02 4.800000e-03
      vertex 5.162347e-03 3.500000e-02 3.447704e-03
      vertex 5.500000e-03 3.500000e-02 3.587564e-03
    endloop
  endfacet
  facet normal -6.087637e-01 0.000000e+00 7.933516e-01
    outer loop
      vertex 5.500000e-03 3.200000e-02 3.587564e-03
      vertex 5.789949e-03 3.200000e-02 3.810051e-03
      vertex 5.789949e-03 3.500000e-02 3.810051e-03
    endloop
  endfacet
  facet normal -6.087637e-01 0.000000e+00 7.933516e-01
    outer loop
      vertex 5.500000e-03 3.200000e-02 3.587564e-03
      vertex 5.789949e-03 3.500000e-02 3.810051e-03
      vertex 5.500000e-03 3.500000e-02 3.587564e-03
    endloop
  endfacet
  facet normal 0.000000e+00 1.000000e+00 0.000000e+00
    outer loop
      vertex 4.800000e-03 3.200000e-02 4.800000e-03
      vertex 5.789949e-03 3.200000e-02 3.810051e-03
      vertex 5.500000e-03 3.200000e-02 3.587564e-03
    endloop
  endfacet
  facet normal 0.000000e+00 -1.000000e+00 0.000000e+00
    outer loop
      vertex 4.800000e-03 3.500000e-02 4.800000e-03
      vertex 5.500000e-03 3.500000e-02 3.587564e-03
      vertex 5.789949e-03 3.500000e-02 3.810051e-03
    endloop
  endfacet
  facet normal -7.933516e-01 0.000000e+00 6.087637e-01
    outer loop
      vertex 5.789949e-03 3.200000e-02 3.810051e-03
      vertex 6.012436e-03 3.200000e-02 4.100000e-03
      vertex 6.012436e-03 3.500000e-02 4.100000e-03
    endloop
  endfacet
  facet normal -7.933516e-01 0.000000e+00 6.087637e-01
    outer loop
      vertex 5.789949e-03 3.200000e-02 3.810051e-03
      vertex 6.012436e-03 3.500000e-02 4.100000e-03
      vertex 5.789949e-03 3.500000e-02 3.810051e-03
    endloop
  endfacet
  facet normal 0.000000e+00 1.000000e+00 0.000000e+00
    outer loop
      vertex 4.800000e-03 3.200000e-02 4.800000e-03
      vertex 6.012436e-03 3.200000e-02 4.100000e-03
      vertex 5.789949e-03 3.200000e-02 3.810051e-03
    endloop
  endfacet
  facet normal 0.000000e+00 -1.000000e+00 0.000000e+00
    outer loop
      vertex 4.800000e-03 3.500000e-02 4.800000e-03
      vertex 5.789949e-03 3.500000e-02 3.810051e-03
      vertex 6.012436e-03 3.500000e-02 4.100000e-03
    endloop
  endfacet
  facet normal -9.238800e-01 0.000000e+00 3.826824e-01
    outer loop
      vertex 6.012436e-03 3.200000e-02 4.100000e-03
      vertex 6.152296e-03 3.200000e-02 4.437653e-03
      vertex 6.152296e-03 3.500000e-02 4.437653e-03
    endloop
  endfacet
  facet normal -9.238800e-01 0.000000e+00 3.826824e-01
    outer loop
      vertex 6.012436e-03 3.200000e-02 4.100000e-03
      vertex 6.152296e-03 3.500000e-02 4.437653e-03
      vertex 6.012436e-03 3.500000e-02 4.100000e-03
    endloop
  endfacet
  facet normal 0.000000e+00 1.000000e+00 0.000000e+00
    outer loop
      vertex 4.800000e-03 3.200000e-02 4.800000e-03
      vertex 6.152296e-03 3.200000e-02 4.437653e-03
      vertex 6.012436e-03 3.200000e-02 4.100000e-03
    endloop
  endfacet
  facet normal 0.000000e+00 -1.000000e+00 0.000000e+00
    outer loop
      vertex 4.800000e-03 3.500000e-02 4.800000e-03
      vertex 6.012436e-03 3.500000e-02 4.100000e-03
      vertex 6.152296e-03 3.500000e-02 4.437653e-03
    endloop
  endfacet
  facet normal -9.914448e-01 0.000000e+00 1.305265e-01
    outer loop
      vertex 6.152296e-03 3.200000e-02 4.437653e-03
      vertex 6.200000e-03 3.200000e-02 4.800000e-03
      vertex 6.200000e-03 3.500000e-02 4.800000e-03
    endloop
  endfacet
  facet normal -9.914448e-01 0.000000e+00 1.305265e-01
    outer loop
      vertex 6.152296e-03 3.200000e-02 4.437653e-03
      vertex 6.200000e-03 3.500000e-02 4.800000e-03
      vertex 6.152296e-03 3.500000e-02 4.437653e-03
    endloop
  endfacet
  facet normal -0.000000e+00 1.000000e+00 0.000000e+00
    outer loop
      vertex 4.800000e-03 3.200000e-02 4.800000e-03
      vertex 6.200000e-03 3.200000e-02 4.800000e-03
      vertex 6.152296e-03 3.200000e-02 4.437653e-03
    endloop
  endfacet
  facet normal 0.000000e+00 -1.000000e+00 0.000000e+00
    outer loop
      vertex 4.800000e-03 3.500000e-02 4.800000e-03
      vertex 6.152296e-03 3.500000e-02 4.437653e-03
      vertex 6.200000e-03 3.500000e-02 4.800000e-03
    endloop
  endfacet
  facet normal 0.000000e+00 0.000000e+00 1.000000e+00
    outer loop
      vertex -5.420000e-03 1.100000e-02 3.220000e-03
      vertex -3.220000e-03 1.100000e-02 3.220000e-03
      vertex -3.220000e-03 2.500000e-02 3.220000e-03
    endloop
  endfacet
  facet normal 0.000000e+00 0.000000e+00 1.000000e+00
    outer loop
      vertex -5.420000e-03 1.100000e-02 3.220000e-03
      vertex -3.220000e-03 2.500000e-02 3.220000e-03
      vertex -5.420000e-03 2.500000e-02 3.220000e-03
    endloop
  endfacet
  facet normal 0.000000e+00 0.000000e+00 -1.000000e+00
    outer loop
      vertex -5.420000e-03 1.100000e-02 5.420000e-03
      vertex -3.220000e-03 2.500000e-02 5.420000e-03
      vertex -3.220000e-03 1.100000e-02 5.420000e-03
    endloop
  endfacet
  facet normal 0.000000e+00 0.000000e+00 -1.000000e+00
    outer loop
      vertex -5.420000e-03 1.100000e-02 5.420000e-03
      vertex -5.420000e-03 2.500000e-02 5.420000e-03
      vertex -3.220000e-03 2.500000e-02 5.420000e-03
    endloop
  endfacet
  facet normal 0.000000e+00 1.000000e+00 0.000000e+00
    outer loop
      vertex -5.420000e-03 1.100000e-02 3.220000e-03
      vertex -5.420000e-03 1.100000e-02 5.420000e-03
      vertex -3.220000e-03 1.100000e-02 5.420000e-03
    endloop
  endfacet
  facet normal 0.000000e+00 1.000000e+00 0.000000e+00
    outer loop
      vertex -5.420000e-03 1.100000e-02 3.220000e-03
      vertex -3.220000e-03 1.100000e-02 5.420000e-03
      vertex -3.220000e-03 1.100000e-02 3.220000e-03
    endloop
  endfacet
  facet normal -1.000000e+00 0.000000e+00 0.000000e+00
    outer loop
      vertex -3.220000e-03 1.100000e-02 3.220000e-03
      vertex -3.220000e-03 1.100000e-02 5.420000e-03
      vertex -3.220000e-03 2.500000e-02 5.420000e-03
    endloop
  endfacet
  facet normal -1.000000e+00 0.000000e+00 0.000000e+00
    outer loop
      vertex -3.220000e-03 1.100000e-02 3.220000e-03
      vertex -3.220000e-03 2.500000e-02 5.420000e-03
      vertex -3.220000e-03 2.500000e-02 3.220000e-03
    endloop
  endfacet
  facet normal 0.000000e+00 -1.000000e+00 0.000000e+00
    outer loop
      vertex -3.220000e-03 2.500000e-02 3.220000e-03
      vertex -3.220000e-03 2.500000e-02 5.420000e-03
      vertex -5.420000e-03 2.500000e-02 5.420000e-03
    endloop
  endfacet
  facet normal 0.000000e+00 -1.000000e+00 0.000000e+00
    outer loop
      vertex -3.220000e-03 2.500000e-02 3.220000e-03
      vertex -5.420000e-03 2.500000e-02 5.420000e-03
      vertex -5.420000e-03 2.500000e-02 3.220000e-03
    endloop
  endfacet
  facet normal 1.000000e+00 0.000000e+00 -0.000000e+00
    outer loop
      vertex -5.420000e-03 2.500000e-02 3.220000e-03
      vertex -5.420000e-03 2.500000e-02 5.420000e-03
      vertex -5.420000e-03 1.100000e-02 5.420000e-03
    endloop
  endfacet
  facet normal 1.000000e+00 0.000000e+00 0.000000e+00
    outer loop
      vertex -5.420000e-03 2.500000e-02 3.220000e-03
      vertex -5.420000e-03 1.100000e-02 5.420000e-03
      vertex -5.420000e-03 1.100000e-02 3.220000e-03
    endloop
  endfacet
  facet normal 0.000000e+00 0.000000e+00 1.000000e+00
    outer loop
      vertex -6.200000e-03 2.500000e-02 3.400000e-03
      vertex -3.400000e-03 2.500000e-02 3.400000e-03
      vertex -3.400000e-03 3.200000e-02 3.400000e-03
    endloop
  endfacet
  facet normal 0.000000e+00 0.000000e+00 1.000000e+00
    outer loop
      vertex -6.200000e-03 2.500000e-02 3.400000e-03
      vertex -3.400000e-03 3.200000e-02 3.400000e-03
      vertex -6.200000e-03 3.200000e-02 3.400000e-03
    endloop
  endfacet
  facet normal 0.000000e+00 0.000000e+00 -1.000000e+00
    outer loop
      vertex -6.200000e-03 2.500000e-02 6.200000e-03
      vertex -3.400000e-03 3.200000e-02 6.200000e-03
      vertex -3.400000e-03 2.500000e-02 6.200000e-03
    endloop
  endfacet
  facet normal 0.000000e+00 0.000000e+00 -1.000000e+00
    outer loop
      vertex -6.200000e-03 2.500000e-02 6.200000e-03
      vertex -6.200000e-03 3.200000e-02 6.200000e-03
      vertex -3.400000e-03 3.200000e-02 6.200000e-03
    endloop
  endfacet
  facet normal 0.000000e+00 1.000000e+00 0.000000e+00
    outer loop
      vertex -6.200000e-03 2.500000e-02 3.400000e-03
      vertex -6.200000e-03 2.500000e-02 6.200000e-03
      vertex -3.400000e-03 2.500000e-02 6.200000e-03
    endloop
  endfacet
  facet normal 0.000000e+00 1.000000e+00 0.000000e+00
    outer loop
      vertex -6.200000e-03 2.500000e-02 3.400000e-03
      vertex -3.400000e-03 2.500000e-02 6.200000e-03
      vertex -3.400000e-03 2.500000e-02 3.400000e-03
    endloop
  endfacet
  facet normal -1.000000e+00 0.000000e+00 0.000000e+00
    outer loop
      vertex -3.400000e-03 2.500000e-02 3.400000e-03
      vertex -3.400000e-03 2.500000e-02 6.200000e-03
      vertex -3.400000e-03 3.200000e-02 6.200000e-03
    endloop
  endfacet
  facet normal -1.000000e+00 0.000000e+00 0.000000e+00
    outer loop
      vertex -3.400000e-03 2.500000e-02 3.400000e-03
      vertex -3.400000e-03 3.200000e-02 6.200000e-03
      vertex -3.400000e-03 3.200000e-02 3.400000e-03
    endloop
  endfacet
  facet normal 0.000000e+00 -1.000000e+00 0.000000e+00
    outer loop
      vertex -3.400000e-03 3.200000e-02 3.400000e-03
      vertex -3.400000e-03 3.200000e-02 6.200000e-03
      vertex -6.200000e-03 3.200000e-02 6.200000e-03
    endloop
  endfacet
  facet normal 0.000000e+00 -1.000000e+00 0.000000e+00
    outer loop
      vertex -3.400000e-03 3.200000e-02 3.400000e-03
      vertex -6.200000e-03 3.200000e-02 6.200000e-03
      vertex -6.200000e-03 3.200000e-02 3.400000e-03
    endloop
  endfacet
  facet normal 1.000000e+00 0.000000e+00 -0.000000e+00
    outer loop
      vertex -6.200000e-03 3.200000e-02 3.400000e-03
      vertex -6.200000e-03 3.200000e-02 6.200000e-03
      vertex -6.200000e-03 2.500000e-02 6.200000e-03
    endloop
  endfacet
  facet normal 1.000000e+00 0.000000e+00 0.000000e+00
    outer loop
      vertex -6.200000e-03 3.200000e-02 3.400000e-03
      vertex -6.200000e-03 2.500000e-02 6.200000e-03
      vertex -6.200000e-03 2.500000e-02 3.400000e-03
    endloop
  endfacet
  facet normal -9.914448e-01 0.000000e+00 -1.305265e-01
    outer loop
      vertex -3.400000e-03 3.200000e-02 4.800000e-03
      vertex -3.447704e-03 3.200000e-02 5.162347e-03
      vertex -3.447704e-03 3.500000e-02 5.162347e-03
    endloop
  endfacet
  facet normal -9.914448e-01 0.000000e+00 -1.305265e-01
    outer loop
      vertex -3.400000e-03 3.200000e-02 4.800000e-03
      vertex -3.447704e-03 3.500000e-02 5.162347e-03
      vertex -3.400000e-03 3.500000e-02 4.800000e-03
    endloop
  endfacet
  facet normal 0.000000e+00 1.000000e+00 0.000000e+00
    outer loop
      vertex -4.800000e-03 3.200000e-02 4.800000e-03
      vertex -3.447704e-03 3.200000e-02 5.162347e-03
      vertex -3.400000e-03 3.200000e-02 4.800000e-03
    endloop
  endfacet
  facet normal 0.000000e+00 -1.000000e+00 0.000000e+00
    outer loop
      vertex -4.800000e-03 3.500000e-02 4.800000e-03
      vertex -3.400000e-03 3.500000e-02 4.800000e-03
      vertex -3.447704e-03 3.500000e-02 5.162347e-03
    endloop
  endfacet
  facet normal -9.238800e-01 0.000000e+00 -3.826824e-01
    outer loop
      vertex -3.447704e-03 3.200000e-02 5.162347e-03
      vertex -3.587564e-03 3.200000e-02 5.500000e-03
      vertex -3.587564e-03 3.500000e-02 5.500000e-03
    endloop
  endfacet
  facet normal -9.238800e-01 0.000000e+00 -3.826824e-01
    outer loop
      vertex -3.447704e-03 3.200000e-02 5.162347e-03
      vertex -3.587564e-03 3.500000e-02 5.500000e-03
      vertex -3.447704e-03 3.500000e-02 5.162347e-03
    endloop
  endfacet
  facet normal 0.000000e+00 1.000000e+00 0.000000e+00
    outer loop
      vertex -4.800000e-03 3.200000e-02 4.800000e-03
      vertex -3.587564e-03 3.200000e-02 5.500000e-03
      vertex -3.447704e-03 3.200000e-02 5.162347e-03
    endloop
  endfacet
  facet normal 0.000000e+00 -1.000000e+00 0.000000e+00
    outer loop
      vertex -4.800000e-03 3.500000e-02 4.800000e-03
      vertex -3.447704e-03 3.500000e-02 5.162347e-03
      vertex -3.587564e-03 3.500000e-02 5.500000e-03
    endloop
  endfacet
  facet normal -7.933516e-01 0.000000e+00 -6.087637e-01
    outer loop
      vertex -3.587564e-03 3.200000e-02 5.500000e-03
      vertex -3.810051e-03 3.200000e-02 5.789949e-03
      vertex -3.810051e-03 3.500000e-02 5.789949e-03
    endloop
  endfacet
  facet normal -7.933516e-01 0.000000e+00 -6.087637e-01
    outer loop
      vertex -3.587564e-03 3.200000e-02 5.500000e-03
      vertex -3.810051e-03 3.500000e-02 5.789949e-03
      vertex -3.587564e-03 3.500000e-02 5.500000e-03
    endloop
  endfacet
  facet normal 0.000000e+00 1.000000e+00 0.000000e+00
    outer loop
      vertex -4.800000e-03 3.200000e-02 4.800000e-03
      vertex -3.810051e-03 3.200000e-02 5.789949e-03
      vertex -3.587564e-03 3.200000e-02 5.500000e-03
    endloop
  endfacet
  facet normal 0.000000e+00 -1.000000e+00 0.000000e+00
    outer loop
      vertex -4.800000e-03 3.500000e-02 4.800000e-03
      vertex -3.587564e-03 3.500000e-02 5.500000e-03
      vertex -3.810051e-03 3.500000e-02 5.789949e-03
    endloop
  endfacet
  facet normal -6.087637e-01 0.000000e+00 -7.933516e-01
    outer loop
      vertex -3.810051e-03 3.200000e-02 5.789949e-03
      vertex -4.100000e-03 3.200000e-02 6.012436e-03
      vertex -4.100000e-03 3.500000e-02 6.012436e-03
    endloop
  endfacet
  facet normal -6.087637e-01 0.000000e+00 -7.933516e-01
    outer loop
      vertex -3.810051e-03 3.200000e-02 5.789949e-03
      vertex -4.100000e-03 3.500000e-02 6.012436e-03
      vertex -3.810051e-03 3.500000e-02 5.789949e-03
    endloop
  endfacet
  facet normal 0.000000e+00 1.000000e+00 0.000000e+00
    outer loop
      vertex -4.800000e-03 3.200000e-02 4.800000e-03
      vertex -4.100000e-03 3.200000e-02 6.012436e-03
      vertex -3.810051e-03 3.200000e-02 5.789949e-03
    endloop
  endfacet
  facet normal 0.000000e+00 -1.000000e+00 0.000000e+00
    outer loop
      vertex -4.800000e-03 3.500000e-02 4.800000e-03
      vertex -3.810051e-03 3.500000e-02 5.789949e-03
      vertex -4.100000e-03 3.500000e-02 6.012436e-03
    endloop
  endfacet
  facet normal -3.826824e-01 0.000000e+00 -9.238800e-01
    outer loop
      vertex -4.100000e-03 3.200000e-02 6.012436e-03
      vertex -4.437653e-03 3.200000e-02 6.152296e-03
      vertex -4.437653e-03 3.500000e-02 6.152296e-03
    endloop
  endfacet
  facet normal -3.826824e-01 0.000000e+00 -9.238800e-01
    outer loop
      vertex -4.100000e-03 3.200000e-02 6.012436e-03
      vertex -4.437653e-03 3.500000e-02 6.152296e-03
      vertex -4.100000e-03 3.500000e-02 6.012436e-03
    endloop
  endfacet
  facet normal 0.000000e+00 1.000000e+00 0.000000e+00
    outer loop
      vertex -4.800000e-03 3.200000e-02 4.800000e-03
      vertex -4.437653e-03 3.200000e-02 6.152296e-03
      vertex -4.100000e-03 3.200000e-02 6.012436e-03
    endloop
  endfacet
  facet normal 0.000000e+00 -1.000000e+00 0.000000e+00
    outer loop
      vertex -4.800000e-03 3.500000e-02 4.800000e-03
      vertex -4.100000e-03 3.500000e-02 6.012436e-03
      vertex -4.437653e-03 3.500000e-02 6.152296e-03
    endloop
  endfacet
  facet normal -1.305265e-01 0.000000e+00 -9.914448e-01
    outer loop
      vertex -4.437653e-03 3.200000e-02 6.152296e-03
      vertex -4.800000e-03 3.200000e-02 6.200000e-03
      vertex -4.800000e-03 3.500000e-02 6.200000e-03
    endloop
  endfacet
  facet normal -1.305265e-01 0.000000e+00 -9.914448e-01
    outer loop
      vertex -4.437653e-03 3.200000e-02 6.152296e-03
      vertex -4.800000e-03 3.500000e-02 6.200000e-03
      vertex -4.437653e-03 3.500000e-02 6.152296e-03
    endloop
  endfacet
  facet normal 0.000000e+00 1.000000e+00 0.000000e+00
    outer loop
      vertex -4.800000e-03 3.200000e-02 4.800000e-03
      vertex -4.800000e-03 3.200000e-02 6.200000e-03
      vertex -4.437653e-03 3.200000e-02 6.152296e-03
    endloop
  endfacet
  facet normal 0.000000e+00 -1.000000e+00 0.000000e+00
    outer loop
      vertex -4.800000e-03 3.500000e-02 4.800000e-03
      vertex -4.437653e-03 3.500000e-02 6.152296e-03
      vertex -4.800000e-03 3.500000e-02 6.200000e-03
    endloop
  endfacet
  facet normal 1.305265e-01 0.000000e+00 -9.914448e-01
    outer loop
      vertex -4.800000e-03 3.200000e-02 6.200000e-03
      vertex -5.162347e-03 3.200000e-02 6.152296e-03
      vertex -5.162347e-03 3.500000e-02 6.152296e-03
    endloop
  endfacet
  facet normal 1.305265e-01 0.000000e+00 -9.914448e-01
    outer loop
      vertex -4.800000e-03 3.200000e-02 6.200000e-03
      vertex -5.162347e-03 3.500000e-02 6.152296e-03
      vertex -4.800000e-03 3.500000e-02 6.200000e-03
    endloop
  endfacet
  facet normal 0.000000e+00 1.000000e+00 -0.000000e+00
    outer loop
      vertex -4.800000e-03 3.200000e-02 4.800000e-03
      vertex -5.162347e-03 3.200000e-02 6.152296e-03
      vertex -4.800000e-03 3.200000e-02 6.200000e-03
    endloop
  endfacet
  facet normal 0.000000e+00 -1.000000e+00 0.000000e+00
    outer loop
      vertex -4.800000e-03 3.500000e-02 4.800000e-03
      vertex -4.800000e-03 3.500000e-02 6.200000e-03
      vertex -5.162347e-03 3.500000e-02 6.152296e-03
    endloop
  endfacet
  facet normal 3.826824e-01 0.000000e+00 -9.238800e-01
    outer loop
      vertex -5.162347e-03 3.200000e-02 6.152296e-03
      vertex -5.500000e-03 3.200000e-02 6.012436e-03
      vertex -5.500000e-03 3.500000e-02 6.012436e-03
    endloop
  endfacet
  facet normal 3.826824e-01 0.000000e+00 -9.238800e-01
    outer loop
      vertex -5.162347e-03 3.200000e-02 6.152296e-03
      vertex -5.500000e-03 3.500000e-02 6.012436e-03
      vertex -5.162347e-03 3.500000e-02 6.152296e-03
    endloop
  endfacet
  facet normal 0.000000e+00 1.000000e+00 0.000000e+00
    outer loop
      vertex -4.800000e-03 3.200000e-02 4.800000e-03
      vertex -5.500000e-03 3.200000e-02 6.012436e-03
      vertex -5.162347e-03 3.200000e-02 6.152296e-03
    endloop
  endfacet
  facet normal 0.000000e+00 -1.000000e+00 0.000000e+00
    outer loop
      vertex -4.800000e-03 3.500000e-02 4.800000e-03
      vertex -5.162347e-03 3.500000e-02 6.152296e-03
      vertex -5.500000e-03 3.500000e-02 6.012436e-03
    endloop
  endfacet
  facet normal 6.087637e-01 0.000000e+00 -7.933516e-01
    outer loop
      vertex -5.500000e-03 3.200000e-02 6.012436e-03
      vertex -5.789949e-03 3.200000e-02 5.789949e-03
      vertex -5.789949e-03 3.500000e-02 5.789949e-03
    endloop
  endfacet
  facet normal 6.087637e-01 0.000000e+00 -7.933516e-01
    outer loop
      vertex -5.500000e-03 3.200000e-02 6.012436e-03
      vertex -5.789949e-03 3.500000e-02 5.789949e-03
      vertex -5.500000e-03 3.500000e-02 6.012436e-03
    endloop
  endfacet
  facet normal 0.000000e+00 1.000000e+00 0.000000e+00
    outer loop
      vertex -4.800000e-03 3.200000e-02 4.800000e-03
      vertex -5.789949e-03 3.200000e-02 5.789949e-03
      vertex -5.500000e-03 3.200000e-02 6.012436e-03
    endloop
  endfacet
  facet normal 0.000000e+00 -1.000000e+00 0.000000e+00
    outer loop
      vertex -4.800000e-03 3.500000e-02 4.800000e-03
      vertex -5.500000e-03 3.500000e-02 6.012436e-03
      vertex -5.789949e-03 3.500000e-02 5.789949e-03
    endloop
  endfacet
  facet normal 7.933516e-01 0.000000e+00 -6.087637e-01
    outer loop
      vertex -5.789949e-03 3.200000e-02 5.789949e-03
      vertex -6.012436e-03 3.200000e-02 5.500000e-03
      vertex -6.012436e-03 3.500000e-02 5.500000e-03
    endloop
  endfacet
  facet normal 7.933516e-01 0.000000e+00 -6.087637e-01
    outer loop
      vertex -5.789949e-03 3.200000e-02 5.789949e-03
      vertex -6.012436e-03 3.500000e-02 5.500000e-03
      vertex -5.789949e-03 3.500000e-02 5.789949e-03
    endloop
  endfacet
  facet normal 0.000000e+00 1.000000e+00 0.000000e+00
    outer loop
      vertex -4.800000e-03 3.200000e-02 4.800000e-03
      vertex -6.012436e-03 3.200000e-02 5.500000e-03
      vertex -5.789949e-03 3.200000e-02 5.789949e-03
    endloop
  endfacet
  facet normal 0.000000e+00 -1.000000e+00 0.000000e+00
    outer loop
      vertex -4.800000e-03 3.500000e-02 4.800000e-03
      vertex -5.789949e-03 3.500000e-02 5.789949e-03
      vertex -6.012436e-03 3.500000e-02 5.500000e-03
    endloop
  endfacet
  facet normal 9.238800e-01 0.000000e+00 -3.826824e-01
    outer loop
      vertex -6.012436e-03 3.200000e-02 5.500000e-03
      vertex -6.152296e-03 3.200000e-02 5.162347e-03
      vertex -6.152296e-03 3.500000e-02 5.162347e-03
    endloop
  endfacet
  facet normal 9.238800e-01 0.000000e+00 -3.826824e-01
    outer loop
      vertex -6.012436e-03 3.200000e-02 5.500000e-03
      vertex -6.152296e-03 3.500000e-02 5.162347e-03
      vertex -6.012436e-03 3.500000e-02 5.500000e-03
    endloop
  endfacet
  facet normal 0.000000e+00 1.000000e+00 0.000000e+00
    outer loop
      vertex -4.800000e-03 3.200000e-02 4.800000e-03
      vertex -6.152296e-03 3.200000e-02 5.162347e-03
      vertex -6.012436e-03 3.200000e-02 5.500000e-03
    endloop
  endfacet
  facet normal 0.000000e+00 -1.000000e+00 0.000000e+00
    outer loop
      vertex -4.800000e-03 3.500000e-02 4.800000e-03
      vertex -6.012436e-03 3.500000e-02 5.500000e-03
      vertex -6.152296e-03 3.500000e-02 5.162347e-03
    endloop
  endfacet
  facet normal 9.914448e-01 0.000000e+00 -1.305265e-01
    outer loop
      vertex -6.152296e-03 3.200000e-02 5.162347e-03
      vertex -6.200000e-03 3.200000e-02 4.800000e-03
      vertex -6.200000e-03 3.500000e-02 4.800000e-03
    endloop
  endfacet
  facet normal 9.914448e-01 0.000000e+00 -1.305265e-01
    outer loop
      vertex -6.152296e-03 3.200000e-02 5.162347e-03
      vertex -6.200000e-03 3.500000e-02 4.800000e-03
      vertex -6.152296e-03 3.500000e-02 5.162347e-03
    endloop
  endfacet
  facet normal 0.000000e+00 1.000000e+00 0.000000e+00
    outer loop
      vertex -4.800000e-03 3.200000e-02 4.800000e-03
      vertex -6.200000e-03 3.200000e-02 4.800000e-03
      vertex -6.152296e-03 3.200000e-02 5.162347e-03
    endloop
  endfacet
  facet normal 0.000000e+00 -1.000000e+00 0.000000e+00
    outer loop
      vertex -4.800000e-03 3.500000e-02 4.800000e-03
      vertex -6.152296e-03 3.500000e-02 5.162347e-03
      vertex -6.200000e-03 3.500000e-02 4.800000e-03
    endloop
  endfacet
  facet normal 9.914448e-01 0.000000e+00 1.305265e-01
    outer loop
      vertex -6.200000e-03 3.200000e-02 4.800000e-03
      vertex -6.152296e-03 3.200000e-02 4.437653e-03
      vertex -6.152296e-03 3.500000e-02 4.437653e-03
    endloop
  endfacet
  facet normal 9.914448e-01 -0.000000e+00 1.305265e-01
    outer loop
      vertex -6.200000e-03 3.200000e-02 4.800000e-03
      vertex -6.152296e-03 3.500000e-02 4.437653e-03
      vertex -6.200000e-03 3.500000e-02 4.800000e-03
    endloop
  endfacet
  facet normal 0.000000e+00 1.000000e+00 0.000000e+00
    outer loop
      vertex -4.800000e-03 3.200000e-02 4.800000e-03
      vertex -6.152296e-03 3.200000e-02 4.437653e-03
      vertex -6.200000e-03 3.200000e-02 4.800000e-03
    endloop
  endfacet
  facet normal -0.000000e+00 -1.000000e+00 0.000000e+00
    outer loop
      vertex -4.800000e-03 3.500000e-02 4.800000e-03
      vertex -6.200000e-03 3.500000e-02 4.800000e-03
      vertex -6.152296e-03 3.500000e-02 4.437653e-03
    endloop
  endfacet
  facet normal 9.238800e-01 0.000000e+00 3.826824e-01
    outer loop
      vertex -6.152296e-03 3.200000e-02 4.437653e-03
      vertex -6.012436e-03 3.200000e-02 4.100000e-03
      vertex -6.012436e-03 3.500000e-02 4.100000e-03
    endloop
  endfacet
  facet normal 9.238800e-01 -0.000000e+00 3.826824e-01
    outer loop
      vertex -6.152296e-03 3.200000e-02 4.437653e-03
      vertex -6.012436e-03 3.500000e-02 4.100000e-03
      vertex -6.152296e-03 3.500000e-02 4.437653e-03
    endloop
  endfacet
  facet normal 0.000000e+00 1.000000e+00 0.000000e+00
    outer loop
      vertex -4.800000e-03 3.200000e-02 4.800000e-03
      vertex -6.012436e-03 3.200000e-02 4.100000e-03
      vertex -6.152296e-03 3.200000e-02 4.437653e-03
    endloop
  endfacet
  facet normal 0.000000e+00 -1.000000e+00 0.000000e+00
    outer loop
      vertex -4.800000e-03 3.500000e-02 4.800000e-03
      vertex -6.152296e-03 3.500000e-02 4.437653e-03
      vertex -6.012436e-03 3.500000e-02 4.100000e-03
    endloop
  endfacet
  facet normal 7.933516e-01 0.000000e+00 6.087637e-01
    outer loop
      vertex -6.012436e-03 3.200000e-02 4.100000e-03
      vertex -5.789949e-03 3.200000e-02 3.810051e-03
      vertex -5.789949e-03 3.500000e-02 3.810051e-03
    endloop
  endfacet
  facet normal 7.933516e-01 -0.000000e+00 6.087637e-01
    outer loop
      vertex -6.012436e-03 3.200000e-02 4.100000e-03
      vertex -5.789949e-03 3.500000e-02 3.810051e-03
      vertex -6.012436e-03 3.500000e-02 4.100000e-03
    endloop
  endfacet
  facet normal 0.000000e+00 1.000000e+00 0.000000e+00
    outer loop
      vertex -4.800000e-03 3.200000e-02 4.800000e-03
      vertex -5.789949e-03 3.200000e-02 3.810051e-03
      vertex -6.012436e-03 3.200000e-02 4.100000e-03
    endloop
  endfacet
  facet normal 0.000000e+00 -1.000000e+00 0.000000e+00
    outer loop
      vertex -4.800000e-03 3.500000e-02 4.800000e-03
      vertex -6.012436e-03 3.500000e-02 4.100000e-03
      vertex -5.789949e-03 3.500000e-02 3.810051e-03
    endloop
  endfacet
  facet normal 6.087637e-01 0.000000e+00 7.933516e-01
    outer loop
      vertex -5.789949e-03 3.200000e-02 3.810051e-03
      vertex -5.500000e-03 3.200000e-02 3.587564e-03
      vertex -5.500000e-03 3.500000e-02 3.587564e-03
    endloop
  endfacet
  facet normal 6.087637e-01 -0.000000e+00 7.933516e-01
    outer loop
      vertex -5.789949e-03 3.200000e-02 3.810051e-03
      vertex -5.500000e-03 3.500000e-02 3.587564e-03
      vertex -5.789949e-03 3.500000e-02 3.810051e-03
    endloop
  endfacet
  facet normal 0.000000e+00 1.000000e+00 0.000000e+00
    outer loop
      vertex -4.800000e-03 3.200000e-02 4.800000e-03
      vertex -5.500000e-03 3.200000e-02 3.587564e-03
      vertex -5.789949e-03 3.200000e-02 3.810051e-03
    endloop
  endfacet
  facet normal 0.000000e+00 -1.000000e+00 0.000000e+00
    outer loop
      vertex -4.800000e-03 3.500000e-02 4.800000e-03
      vertex -5.789949e-03 3.500000e-02 3.810051e-03
      vertex -5.500000e-03 3.500000e-02 3.587564e-03
    endloop
  endfacet
  facet normal 3.826824e-01 0.000000e+00 9.238800e-01
    outer loop
      vertex -5.500000e-03 3.200000e-02 3.587564e-03
      vertex -5.162347e-03 3.200000e-02 3.447704e-03
      vertex -5.162347e-03 3.500000e-02 3.447704e-03
    endloop
  endfacet
  facet normal 3.826824e-01 -0.000000e+00 9.238800e-01
    outer loop
      vertex -5.500000e-03 3.200000e-02 3.587564e-03
      vertex -5.162347e-03 3.500000e-02 3.447704e-03
      vertex -5.500000e-03 3.500000e-02 3.587564e-03
    endloop
  endfacet
  facet normal 0.000000e+00 1.000000e+00 0.000000e+00
    outer loop
      vertex -4.800000e-03 3.200000e-02 4.800000e-03
      vertex -5.162347e-03 3.200000e-02 3.447704e-03
      vertex -5.500000e-03 3.200000e-02 3.587564e-03
    endloop
  endfacet
  facet normal 0.000000e+00 -1.000000e+00 0.000000e+00
    outer loop
      vertex -4.800000e-03 3.500000e-02 4.800000e-03
      vertex -5.500000e-03 3.500000e-02 3.587564e-03
      vertex -5.162347e-03 3.500000e-02 3.447704e-03
    endloop
  endfacet
  facet normal 1.305265e-01 0.000000e+00 9.914448e-01
    outer loop
      vertex -5.162347e-03 3.200000e-02 3.447704e-03
      vertex -4.800000e-03 3.200000e-02 3.400000e-03
      vertex -4.800000e-03 3.500000e-02 3.400000e-03
    endloop
  endfacet
  facet normal 1.305265e-01 -0.000000e+00 9.914448e-01
    outer loop
      vertex -5.162347e-03 3.200000e-02 3.447704e-03
      vertex -4.800000e-03 3.500000e-02 3.400000e-03
      vertex -5.162347e-03 3.500000e-02 3.447704e-03
    endloop
  endfacet
  facet normal 0.000000e+00 1.000000e+00 0.000000e+00
    outer loop
      vertex -4.800000e-03 3.200000e-02 4.800000e-03
      vertex -4.800000e-03 3.200000e-02 3.400000e-03
      vertex -5.162347e-03 3.200000e-02 3.447704e-03
    endloop
  endfacet
  facet normal 0.000000e+00 -1.000000e+00 -0.000000e+00
    outer loop
      vertex -4.800000e-03 3.500000e-02 4.800000e-03
      vertex -5.162347e-03 3.500000e-02 3.447704e-03
      vertex -4.800000e-03 3.500000e-02 3.400000e-03
    endloop
  endfacet
  facet normal -1.305265e-01 0.000000e+00 9.914448e-01
    outer loop
      vertex -4.800000e-03 3.200000e-02 3.400000e-03
      vertex -4.437653e-03 3.200000e-02 3.447704e-03
      vertex -4.437653e-03 3.500000e-02 3.447704e-03
    endloop
  endfacet
  facet normal -1.305265e-01 0.000000e+00 9.914448e-01
    outer loop
      vertex -4.800000e-03 3.200000e-02 3.400000e-03
      vertex -4.437653e-03 3.500000e-02 3.447704e-03
      vertex -4.800000e-03 3.500000e-02 3.400000e-03
    endloop
  endfacet
  facet normal 0.000000e+00 1.000000e+00 0.000000e+00
    outer loop
      vertex -4.800000e-03 3.200000e-02 4.800000e-03
      vertex -4.437653e-03 3.200000e-02 3.447704e-03
      vertex -4.800000e-03 3.200000e-02 3.400000e-03
    endloop
  endfacet
  facet normal 0.000000e+00 -1.000000e+00 0.000000e+00
    outer loop
      vertex -4.800000e-03 3.500000e-02 4.800000e-03
      vertex -4.800000e-03 3.500000e-02 3.400000e-03
      vertex -4.437653e-03 3.500000e-02 3.447704e-03
    endloop
  endfacet
  facet normal -3.826824e-01 0.000000e+00 9.238800e-01
    outer loop
      vertex -4.437653e-03 3.200000e-02 3.447704e-03
      vertex -4.100000e-03 3.200000e-02 3.587564e-03
      vertex -4.100000e-03 3.500000e-02 3.587564e-03
    endloop
  endfacet
  facet normal -3.826824e-01 0.000000e+00 9.238800e-01
    outer loop
      vertex -4.437653e-03 3.200000e-02 3.447704e-03
      vertex -4.100000e-03 3.500000e-02 3.587564e-03
      vertex -4.437653e-03 3.500000e-02 3.447704e-03
    endloop
  endfacet
  facet normal 0.000000e+00 1.000000e+00 0.000000e+00
    outer loop
      vertex -4.800000e-03 3.200000e-02 4.800000e-03
      vertex -4.100000e-03 3.200000e-02 3.587564e-03
      vertex -4.437653e-03 3.200000e-02 3.447704e-03
    endloop
  endfacet
  facet normal 0.000000e+00 -1.000000e+00 0.000000e+00
    outer loop
      vertex -4.800000e-03 3.500000e-02 4.800000e-03
      vertex -4.437653e-03 3.500000e-02 3.447704e-03
      vertex -4.100000e-03 3.500000e-02 3.587564e-03
    endloop
  endfacet
  facet normal -6.087637e-01 0.000000e+00 7.933516e-01
    outer loop
      vertex -4.100000e-03 3.200000e-02 3.587564e-03
      vertex -3.810051e-03 3.200000e-02 3.810051e-03
      vertex -3.810051e-03 3.500000e-02 3.810051e-03
    endloop
  endfacet
  facet normal -6.087637e-01 0.000000e+00 7.933516e-01
    outer loop
      vertex -4.100000e-03 3.200000e-02 3.587564e-03
      vertex -3.810051e-03 3.500000e-02 3.810051e-03
      vertex -4.100000e-03 3.500000e-02 3.587564e-03
    endloop
  endfacet
  facet normal 0.000000e+00 1.000000e+00 0.000000e+00
    outer loop
      vertex -4.800000e-03 3.200000e-02 4.800000e-03
      vertex -3.810051e-03 3.200000e-02 3.810051e-03
      vertex -4.100000e-03 3.200000e-02 3.587564e-03
    endloop
  endfacet
  facet normal 0.000000e+00 -1.000000e+00 0.000000e+00
    outer loop
      vertex -4.800000e-03 3.500000e-02 4.800000e-03
      vertex -4.100000e-03 3.500000e-02 3.587564e-03
      vertex -3.810051e-03 3.500000e-02 3.810051e-03
    endloop
  endfacet
  facet normal -7.933516e-01 0.000000e+00 6.087637e-01
    outer loop
      vertex -3.810051e-03 3.200000e-02 3.810051e-03
      vertex -3.587564e-03 3.200000e-02 4.100000e-03
      vertex -3.587564e-03 3.500000e-02 4.100000e-03
    endloop
  endfacet
  facet normal -7.933516e-01 0.000000e+00 6.087637e-01
    outer loop
      vertex -3.810051e-03 3.200000e-02 3.810051e-03
      vertex -3.587564e-03 3.500000e-02 4.100000e-03
      vertex -3.810051e-03 3.500000e-02 3.810051e-03
    endloop
  endfacet
  facet normal 0.000000e+00 1.000000e+00 0.000000e+00
    outer loop
      vertex -4.800000e-03 3.200000e-02 4.800000e-03
      vertex -3.587564e-03 3.200000e-02 4.100000e-03
      vertex -3.810051e-03 3.200000e-02 3.810051e-03
    endloop
  endfacet
  facet normal 0.000000e+00 -1.000000e+00 0.000000e+00
    outer loop
      vertex -4.800000e-03 3.500000e-02 4.800000e-03
      vertex -3.810051e-03 3.500000e-02 3.810051e-03
      vertex -3.587564e-03 3.500000e-02 4.100000e-03
    endloop
  endfacet
  facet normal -9.238800e-01 0.000000e+00 3.826824e-01
    outer loop
      vertex -3.587564e-03 3.200000e-02 4.100000e-03
      vertex -3.447704e-03 3.200000e-02 4.437653e-03
      vertex -3.447704e-03 3.500000e-02 4.437653e-03
    endloop
  endfacet
  facet normal -9.238800e-01 0.000000e+00 3.826824e-01
    outer loop
      vertex -3.587564e-03 3.200000e-02 4.100000e-03
      vertex -3.447704e-03 3.500000e-02 4.437653e-03
      vertex -3.587564e-03 3.500000e-02 4.100000e-03
    endloop
  endfacet
  facet normal 0.000000e+00 1.000000e+00 0.000000e+00
    outer loop
      vertex -4.800000e-03 3.200000e-02 4.800000e-03
      vertex -3.447704e-03 3.200000e-02 4.437653e-03
      vertex -3.587564e-03 3.200000e-02 4.100000e-03
    endloop
  endfacet
  facet normal 0.000000e+00 -1.000000e+00 0.000000e+00
    outer loop
      vertex -4.800000e-03 3.500000e-02 4.800000e-03
      vertex -3.587564e-03 3.500000e-02 4.100000e-03
      vertex -3.447704e-03 3.500000e-02 4.437653e-03
    endloop
  endfacet
  facet normal -9.914448e-01 0.000000e+00 1.305265e-01
    outer loop
      vertex -3.447704e-03 3.200000e-02 4.437653e-03
      vertex -3.400000e-03 3.200000e-02 4.800000e-03
      vertex -3.400000e-03 3.500000e-02 4.800000e-03
    endloop
  endfacet
  facet normal -9.914448e-01 0.000000e+00 1.305265e-01
    outer loop
      vertex -3.447704e-03 3.200000e-02 4.437653e-03
      vertex -3.400000e-03 3.500000e-02 4.800000e-03
      vertex -3.447704e-03 3.500000e-02 4.437653e-03
    endloop
  endfacet
  facet normal -0.000000e+00 1.000000e+00 0.000000e+00
    outer loop
      vertex -4.800000e-03 3.200000e-02 4.800000e-03
      vertex -3.400000e-03 3.200000e-02 4.800000e-03
      vertex -3.447704e-03 3.200000e-02 4.437653e-03
    endloop
  endfacet
  facet normal 0.000000e+00 -1.000000e+00 0.000000e+00
    outer loop
      vertex -4.800000e-03 3.500000e-02 4.800000e-03
      vertex -3.447704e-03 3.500000e-02 4.437653e-03
      vertex -3.400000e-03 3.500000e-02 4.800000e-03
    endloop
  endfacet
  facet normal 0.000000e+00 0.000000e+00 1.000000e+00
    outer loop
      vertex -5.420000e-03 1.100000e-02 -5.420000e-03
      vertex -3.220000e-03 1.100000e-02 -5.420000e-03
      vertex -3.220000e-03 2.500000e-02 -5.420000e-03
    endloop
  endfacet
  facet normal 0.000000e+00 0.000000e+00 1.000000e+00
    outer loop
      vertex -5.420000e-03 1.100000e-02 -5.420000e-03
      vertex -3.220000e-03 2.500000e-02 -5.420000e-03
      vertex -5.420000e-03 2.500000e-02 -5.420000e-03
    endloop
  endfacet
  facet normal 0.000000e+00 0.000000e+00 -1.000000e+00
    outer loop
      vertex -5.420000e-03 1.100000e-02 -3.220000e-03
      vertex -3.220000e-03 2.500000e-02 -3.220000e-03
      vertex -3.220000e-03 1.100000e-02 -3.220000e-03
    endloop
  endfacet
  facet normal 0.000000e+00 0.000000e+00 -1.000000e+00
    outer loop
      vertex -5.420000e-03 1.100000e-02 -3.220000e-03
      vertex -5.420000e-03 2.500000e-02 -3.220000e-03
      vertex -3.220000e-03 2.500000e-02 -3.220000e-03
    endloop
  endfacet
  facet normal 0.000000e+00 1.000000e+00 0.000000e+00
    outer loop
      vertex -5.420000e-03 1.100000e-02 -5.420000e-03
      vertex -5.420000e-03 1.100000e-02 -3.220000e-03
      vertex -3.220000e-03 1.100000e-02 -3.220000e-03
    endloop
  endfacet
  facet normal 0.000000e+00 1.000000e+00 0.000000e+00
    outer loop
      vertex -5.420000e-03 1.100000e-02 -5.420000e-03
      vertex -3.220000e-03 1.100000e-02 -3.220000e-03
      vertex -3.220000e-03 1.100000e-02 -5.420000e-03
    endloop
  endfacet
  facet normal -1.000000e+00 0.000000e+00 0.000000e+00
    outer loop
      vertex -3.220000e-03 1.100000e-02 -5.420000e-03
      vertex -3.220000e-03 1.100000e-02 -3.220000e-03
      vertex -3.220000e-03 2.500000e-02 -3.220000e-03
    endloop
  endfacet
  facet normal -1.000000e+00 0.000000e+00 0.000000e+00
    outer loop
      vertex -3.220000e-03 1.100000e-02 -5.420000e-03
      vertex -3.220000e-03 2.500000e-02 -3.220000e-03
      vertex -3.220000e-03 2.500000e-02 -5.420000e-03
    endloop
  endfacet
  facet normal 0.000000e+00 -1.000000e+00 0.000000e+00
    outer loop
      vertex -3.220000e-03 2.500000e-02 -5.420000e-03
      vertex -3.220000e-03 2.500000e-02 -3.220000e-03
      vertex -5.420000e-03 2.500000e-02 -3.220000e-03
    endloop
  endfacet
  facet normal 0.000000e+00 -1.000000e+00 0.000000e+00
    outer loop
      vertex -3.220000e-03 2.500000e-02 -5.420000e-03
      vertex -5.420000e-03 2.500000e-02 -3.220000e-03
      vertex -5.420000e-03 2.500000e-02 -5.420000e-03
    endloop
  endfacet
  facet normal 1.000000e+00 0.000000e+00 -0.000000e+00
    outer loop
      vertex -5.420000e-03 2.500000e-02 -5.420000e-03
      vertex -5.420000e-03 2.500000e-02 -3.220000e-03
      vertex -5.420000e-03 1.100000e-02 -3.220000e-03
    endloop
  endfacet
  facet normal 1.000000e+00 0.000000e+00 0.000000e+00
    outer loop
      vertex -5.420000e-03 2.500000e-02 -5.420000e-03
      vertex -5.420000e-03 1.100000e-02 -3.220000e-03
      vertex -5.420000e-03 1.100000e-02 -5.420000e-03
    endloop
  endfacet
  facet normal 0.000000e+00 0.000000e+00 1.000000e+00
    outer loop
      vertex -6.200000e-03 2.500000e-02 -6.200000e-03
      vertex -3.400000e-03 2.500000e-02 -6.200000e-03
      vertex -3.400000e-03 3.200000e-02 -6.200000e-03
    endloop
  endfacet
  facet normal 0.000000e+00 0.000000e+00 1.000000e+00
    outer loop
      vertex -6.200000e-03 2.500000e-02 -6.200000e-03
      vertex -3.400000e-03 3.200000e-02 -6.200000e-03
      vertex -6.200000e-03 3.200000e-02 -6.200000e-03
    endloop
  endfacet
  facet normal 0.000000e+00 0.000000e+00 -1.000000e+00
    outer loop
      vertex -6.200000e-03 2.500000e-02 -3.400000e-03
      vertex -3.400000e-03 3.200000e-02 -3.400000e-03
      vertex -3.400000e-03 2.500000e-02 -3.400000e-03
    endloop
  endfacet
  facet normal 0.000000e+00 0.000000e+00 -1.000000e+00
    outer loop
      vertex -6.200000e-03 2.500000e-02 -3.400000e-03
      vertex -6.200000e-03 3.200000e-02 -3.400000e-03
      vertex -3.400000e-03 3.200000e-02 -3.400000e-03
    endloop
  endfacet
  facet normal 0.000000e+00 1.000000e+00 0.000000e+00
    outer loop
      vertex -6.200000e-03 2.500000e-02 -6.200000e-03
      vertex -6.200000e-03 2.500000e-02 -3.400000e-03
      vertex -3.400000e-03 2.500000e-02 -3.400000e-03
    endloop
  endfacet
  facet normal 0.000000e+00 1.000000e+00 0.000000e+00
    outer loop
      vertex -6.200000e-03 2.500000e-02 -6.200000e-03
      vertex -3.400000e-03 2.500000e-02 -3.400000e-03
      vertex -3.400000e-03 2.500000e-02 -6.200000e-03
    endloop
  endfacet
  facet normal -1.000000e+00 0.000000e+00 0.000000e+00
    outer loop
      vertex -3.400000e-03 2.500000e-02 -6.200000e-03
      vertex -3.400000e-03 2.500000e-02 -3.400000e-03
      vertex -3.400000e-03 3.200000e-02 -3.400000e-03
    endloop
  endfacet
  facet normal -1.000000e+00 0.000000e+00 0.000000e+00
    outer loop
      vertex -3.400000e-03 2.500000e-02 -6.200000e-03
      vertex -3.400000e-03 3.200000e-02 -3.400000e-03
      vertex -3.400000e-03 3.200000e-02 -6.200000e-03
    endloop
  endfacet
  facet normal 0.000000e+00 -1.000000e+00 0.000000e+00
    outer loop
      vertex -3.400000e-03 3.200000e-02 -6.200000e-03
      vertex -3.400000e-03 3.200000e-02 -3.400000e-03
      vertex -6.200000e-03 3.200000e-02 -3.400000e-03
    endloop
  endfacet
  facet normal 0.000000e+00 -1.000000e+00 0.000000e+00
    outer loop
      vertex -3.400000e-03 3.200000e-02 -6.200000e-03
      vertex -6.200000e-03 3.200000e-02 -3.400000e-03
      vertex -6.200000e-03 3.200000e-02 -6.200000e-03
    endloop
  endfacet
  facet normal 1.000000e+00 0.000000e+00 -0.000000e+00
    outer loop
      vertex -6.200000e-03 3.200000e-02 -6.200000e-03
      vertex -6.200000e-03 3.200000e-02 -3.400000e-03
      vertex -6.200000e-03 2.500000e-02 -3.400000e-03
    endloop
  endfacet
  facet normal 1.000000e+00 0.000000e+00 0.000000e+00
    outer loop
      vertex -6.200000e-03 3.200000e-02 -6.200000e-03
      vertex -6.200000e-03 2.500000e-02 -3.400000e-03
      vertex -6.200000e-03 2.500000e-02 -6.200000e-03
    endloop
  endfacet
  facet normal -9.914448e-01 0.000000e+00 -1.305265e-01
    outer loop
      vertex -3.400000e-03 3.200000e-02 -4.800000e-03
      vertex -3.447704e-03 3.200000e-02 -4.437653e-03
      vertex -3.447704e-03 3.500000e-02 -4.437653e-03
    endloop
  endfacet
  facet normal -9.914448e-01 0.000000e+00 -1.305265e-01
    outer loop
      vertex -3.400000e-03 3.200000e-02 -4.800000e-03
      vertex -3.447704e-03 3.500000e-02 -4.437653e-03
      vertex -3.400000e-03 3.500000e-02 -4.800000e-03
    endloop
  endfacet
  facet normal 0.000000e+00 1.000000e+00 0.000000e+00
    outer loop
      vertex -4.800000e-03 3.200000e-02 -4.800000e-03
      vertex -3.447704e-03 3.200000e-02 -4.437653e-03
      vertex -3.400000e-03 3.200000e-02 -4.800000e-03
    endloop
  endfacet
  facet normal 0.000000e+00 -1.000000e+00 0.000000e+00
    outer loop
      vertex -4.800000e-03 3.500000e-02 -4.800000e-03
      vertex -3.400000e-03 3.500000e-02 -4.800000e-03
      vertex -3.447704e-03 3.500000e-02 -4.437653e-03
    endloop
  endfacet
  facet normal -9.238800e-01 0.000000e+00 -3.826824e-01
    outer loop
      vertex -3.447704e-03 3.200000e-02 -4.437653e-03
      vertex -3.587564e-03 3.200000e-02 -4.100000e-03
      vertex -3.587564e-03 3.500000e-02 -4.100000e-03
    endloop
  endfacet
  facet normal -9.238800e-01 0.000000e+00 -3.826824e-01
    outer loop
      vertex -3.447704e-03 3.200000e-02 -4.437653e-03
      vertex -3.587564e-03 3.500000e-02 -4.100000e-03
      vertex -3.447704e-03 3.500000e-02 -4.437653e-03
    endloop
  endfacet
  facet normal 0.000000e+00 1.000000e+00 0.000000e+00
    outer loop
      vertex -4.800000e-03 3.200000e-02 -4.800000e-03
      vertex -3.587564e-03 3.200000e-02 -4.100000e-03
      vertex -3.447704e-03 3.200000e-02 -4.437653e-03
    endloop
  endfacet
  facet normal 0.000000e+00 -1.000000e+00 0.000000e+00
    outer loop
      vertex -4.800000e-03 3.500000e-02 -4.800000e-03
      vertex -3.447704e-03 3.500000e-02 -4.437653e-03
      vertex -3.587564e-03 3.500000e-02 -4.100000e-03
    endloop
  endfacet
  facet normal -7.933516e-01 0.000000e+00 -6.087637e-01
    outer loop
      vertex -3.587564e-03 3.200000e-02 -4.100000e-03
      vertex -3.810051e-03 3.200000e-02 -3.810051e-03
      vertex -3.810051e-03 3.500000e-02 -3.810051e-03
    endloop
  endfacet
  facet normal -7.933516e-01 0.000000e+00 -6.087637e-01
    outer loop
      vertex -3.587564e-03 3.200000e-02 -4.100000e-03
      vertex -3.810051e-03 3.500000e-02 -3.810051e-03
      vertex -3.587564e-03 3.500000e-02 -4.100000e-03
    endloop
  endfacet
  facet normal 0.000000e+00 1.000000e+00 0.000000e+00
    outer loop
      vertex -4.800000e-03 3.200000e-02 -4.800000e-03
      vertex -3.810051e-03 3.200000e-02 -3.810051e-03
      vertex -3.587564e-03 3.200000e-02 -4.100000e-03
    endloop
  endfacet
  facet normal 0.000000e+00 -1.000000e+00 0.000000e+00
    outer loop
      vertex -4.800000e-03 3.500000e-02 -4.800000e-03
      vertex -3.587564e-03 3.500000e-02 -4.100000e-03
      vertex -3.810051e-03 3.500000e-02 -3.810051e-03
    endloop
  endfacet
  facet normal -6.087637e-01 0.000000e+00 -7.933516e-01
    outer loop
      vertex -3.810051e-03 3.200000e-02 -3.810051e-03
      vertex -4.100000e-03 3.200000e-02 -3.587564e-03
      vertex -4.100000e-03 3.500000e-02 -3.587564e-03
    endloop
  endfacet
  facet normal -6.087637e-01 0.000000e+00 -7.933516e-01
    outer loop
      vertex -3.810051e-03 3.200000e-02 -3.810051e-03
      vertex -4.100000e-03 3.500000e-02 -3.587564e-03
      vertex -3.810051e-03 3.500000e-02 -3.810051e-03
    endloop
  endfacet
  facet normal 0.000000e+00 1.000000e+00 0.000000e+00
    outer loop
      vertex -4.800000e-03 3.200000e-02 -4.800000e-03
      vertex -4.100000e-03 3.200000e-02 -3.587564e-03
      vertex -3.810051e-03 3.200000e-02 -3.810051e-03
    endloop
  endfacet
  facet normal 0.000000e+00 -1.000000e+00 0.000000e+00
    outer loop
      vertex -4.800000e-03 3.500000e-02 -4.800000e-03
      vertex -3.810051e-03 3.500000e-02 -3.810051e-03
      vertex -4.100000e-03 3.500000e-02 -3.587564e-03
    endloop
  endfacet
  facet normal -3.826824e-01 0.000000e+00 -9.238800e-01
    outer loop
      vertex -4.100000e-03 3.200000e-02 -3.587564e-03
      vertex -4.437653e-03 3.200000e-02 -3.447704e-03
      vertex -4.437653e-03 3.500000e-02 -3.447704e-03
    endloop
  endfacet
  facet normal -3.826824e-01 0.000000e+00 -9.238800e-01
    outer loop
      vertex -4.100000e-03 3.200000e-02 -3.587564e-03
      vertex -4.437653e-03 3.500000e-02 -3.447704e-03
      vertex -4.100000e-03 3.500000e-02 -3.587564e-03
    endloop
  endfacet
  facet normal 0.000000e+00 1.000000e+00 0.000000e+00
    outer loop
      vertex -4.800000e-03 3.200000e-02 -4.800000e-03
      vertex -4.437653e-03 3.200000e-02 -3.447704e-03
      vertex -4.100000e-03 3.200000e-02 -3.587564e-03
    endloop
  endfacet
  facet normal 0.000000e+00 -1.000000e+00 0.000000e+00
    outer loop
      vertex -4.800000e-03 3.500000e-02 -4.800000e-03
      vertex -4.100000e-03 3.500000e-02 -3.587564e-03
      vertex -4.437653e-03 3.500000e-02 -3.447704e-03
    endloop
  endfacet
  facet normal -1.305265e-01 0.000000e+00 -9.914448e-01
    outer loop
      vertex -4.437653e-03 3.200000e-02 -3.447704e-03
      vertex -4.800000e-03 3.200000e-02 -3.400000e-03
      vertex -4.800000e-03 3.500000e-02 -3.400000e-03
    endloop
  endfacet
  facet normal -1.305265e-01 0.000000e+00 -9.914448e-01
    outer loop
      vertex -4.437653e-03 3.200000e-02 -3.447704e-03
      vertex -4.800000e-03 3.500000e-02 -3.400000e-03
      vertex -4.437653e-03 3.500000e-02 -3.447704e-03
    endloop
  endfacet
  facet normal 0.000000e+00 1.000000e+00 0.000000e+00
    outer loop
      vertex -4.800000e-03 3.200000e-02 -4.800000e-03
      vertex -4.800000e-03 3.200000e-02 -3.400000e-03
      vertex -4.437653e-03 3.200000e-02 -3.447704e-03
    endloop
  endfacet
  facet normal 0.000000e+00 -1.000000e+00 0.000000e+00
    outer loop
      vertex -4.800000e-03 3.500000e-02 -4.800000e-03
      vertex -4.437653e-03 3.500000e-02 -3.447704e-03
      vertex -4.800000e-03 3.500000e-02 -3.400000e-03
    endloop
  endfacet
  facet normal 1.305265e-01 0.000000e+00 -9.914448e-01
    outer loop
      vertex -4.800000e-03 3.200000e-02 -3.400000e-03
      vertex -5.162347e-03 3.200000e-02 -3.447704e-03
      vertex -5.162347e-03 3.500000e-02 -3.447704e-03
    endloop
  endfacet
  facet normal 1.305265e-01 0.000000e+00 -9.914448e-01
    outer loop
      vertex -4.800000e-03 3.200000e-02 -3.400000e-03
      vertex -5.162347e-03 3.500000e-02 -3.447704e-03
      vertex -4.800000e-03 3.500000e-02 -3.400000e-03
    endloop
  endfacet
  facet normal 0.000000e+00 1.000000e+00 -0.000000e+00
    outer loop
      vertex -4.800000e-03 3.200000e-02 -4.800000e-03
      vertex -5.162347e-03 3.200000e-02 -3.447704e-03
      vertex -4.800000e-03 3.200000e-02 -3.400000e-03
    endloop
  endfacet
  facet normal 0.000000e+00 -1.000000e+00 0.000000e+00
    outer loop
      vertex -4.800000e-03 3.500000e-02 -4.800000e-03
      vertex -4.800000e-03 3.500000e-02 -3.400000e-03
      vertex -5.162347e-03 3.500000e-02 -3.447704e-03
    endloop
  endfacet
  facet normal 3.826824e-01 0.000000e+00 -9.238800e-01
    outer loop
      vertex -5.162347e-03 3.200000e-02 -3.447704e-03
      vertex -5.500000e-03 3.200000e-02 -3.587564e-03
      vertex -5.500000e-03 3.500000e-02 -3.587564e-03
    endloop
  endfacet
  facet normal 3.826824e-01 0.000000e+00 -9.238800e-01
    outer loop
      vertex -5.162347e-03 3.200000e-02 -3.447704e-03
      vertex -5.500000e-03 3.500000e-02 -3.587564e-03
      vertex -5.162347e-03 3.500000e-02 -3.447704e-03
    endloop
  endfacet
  facet normal 0.000000e+00 1.000000e+00 0.000000e+00
    outer loop
      vertex -4.800000e-03 3.200000e-02 -4.800000e-03
      vertex -5.500000e-03 3.200000e-02 -3.587564e-03
      vertex -5.162347e-03 3.200000e-02 -3.447704e-03
    endloop
  endfacet
  facet normal 0.000000e+00 -1.000000e+00 0.000000e+00
    outer loop
      vertex -4.800000e-03 3.500000e-02 -4.800000e-03
      vertex -5.162347e-03 3.500000e-02 -3.447704e-03
      vertex -5.500000e-03 3.500000e-02 -3.587564e-03
    endloop
  endfacet
  facet normal 6.087637e-01 0.000000e+00 -7.933516e-01
    outer loop
      vertex -5.500000e-03 3.200000e-02 -3.587564e-03
      vertex -5.789949e-03 3.200000e-02 -3.810051e-03
      vertex -5.789949e-03 3.500000e-02 -3.810051e-03
    endloop
  endfacet
  facet normal 6.087637e-01 0.000000e+00 -7.933516e-01
    outer loop
      vertex -5.500000e-03 3.200000e-02 -3.587564e-03
      vertex -5.789949e-03 3.500000e-02 -3.810051e-03
      vertex -5.500000e-03 3.500000e-02 -3.587564e-03
    endloop
  endfacet
  facet normal 0.000000e+00 1.000000e+00 0.000000e+00
    outer loop
      vertex -4.800000e-03 3.200000e-02 -4.800000e-03
      vertex -5.789949e-03 3.200000e-02 -3.810051e-03
      vertex -5.500000e-03 3.200000e-02 -3.587564e-03
    endloop
  endfacet
  facet normal 0.000000e+00 -1.000000e+00 0.000000e+00
    outer loop
      vertex -4.800000e-03 3.500000e-02 -4.800000e-03
      vertex -5.500000e-03 3.500000e-02 -3.587564e-03
      vertex -5.789949e-03 3.500000e-02 -3.810051e-03
    endloop
  endfacet
  facet normal 7.933516e-01 0.000000e+00 -6.087637e-01
    outer loop
      vertex -5.789949e-03 3.200000e-02 -3.810051e-03
      vertex -6.012436e-03 3.200000e-02 -4.100000e-03
      vertex -6.012436e-03 3.500000e-02 -4.100000e-03
    endloop
  endfacet
  facet normal 7.933516e-01 0.000000e+00 -6.087637e-01
    outer loop
      vertex -5.789949e-03 3.200000e-02 -3.810051e-03
      vertex -6.012436e-03 3.500000e-02 -4.100000e-03
      vertex -5.789949e-03 3.500000e-02 -3.810051e-03
    endloop
  endfacet
  facet normal 0.000000e+00 1.000000e+00 0.000000e+00
    outer loop
      vertex -4.800000e-03 3.200000e-02 -4.800000e-03
      vertex -6.012436e-03 3.200000e-02 -4.100000e-03
      vertex -5.789949e-03 3.200000e-02 -3.810051e-03
    endloop
  endfacet
  facet normal 0.000000e+00 -1.000000e+00 0.000000e+00
    outer loop
      vertex -4.800000e-03 3.500000e-02 -4.800000e-03
      vertex -5.789949e-03 3.500000e-02 -3.810051e-03
      vertex -6.012436e-03 3.500000e-02 -4.100000e-03
    endloop
  endfacet
  facet normal 9.238800e-01 0.000000e+00 -3.826824e-01
    outer loop
      vertex -6.012436e-03 3.200000e-02 -4.100000e-03
      vertex -6.152296e-03 3.200000e-02 -4.437653e-03
      vertex -6.152296e-03 3.500000e-02 -4.437653e-03
    endloop
  endfacet
  facet normal 9.238800e-01 0.000000e+00 -3.826824e-01
    outer loop
      vertex -6.012436e-03 3.200000e-02 -4.100000e-03
      vertex -6.152296e-03 3.500000e-02 -4.437653e-03
      vertex -6.012436e-03 3.500000e-02 -4.100000e-03
    endloop
  endfacet
  facet normal 0.000000e+00 1.000000e+00 0.000000e+00
    outer loop
      vertex -4.800000e-03 3.200000e-02 -4.800000e-03
      vertex -6.152296e-03 3.200000e-02 -4.437653e-03
      vertex -6.012436e-03 3.200000e-02 -4.100000e-03
    endloop
  endfacet
  facet normal 0.000000e+00 -1.000000e+00 0.000000e+00
    outer loop
      vertex -4.800000e-03 3.500000e-02 -4.800000e-03
      vertex -6.012436e-03 3.500000e-02 -4.100000e-03
      vertex -6.152296e-03 3.500000e-02 -4.437653e-03
    endloop
  endfacet
  facet normal 9.914448e-01 0.000000e+00 -1.305265e-01
    outer loop
      vertex -6.152296e-03 3.200000e-02 -4.437653e-03
      vertex -6.200000e-03 3.200000e-02 -4.800000e-03
      vertex -6.200000e-03 3.500000e-02 -4.800000e-03
    endloop
  endfacet
  facet normal 9.914448e-01 0.000000e+00 -1.305265e-01
    outer loop
      vertex -6.152296e-03 3.200000e-02 -4.437653e-03
      vertex -6.200000e-03 3.500000e-02 -4.800000e-03
      vertex -6.152296e-03 3.500000e-02 -4.437653e-03
    endloop
  endfacet
  facet normal 0.000000e+00 1.000000e+00 0.000000e+00
    outer loop
      vertex -4.800000e-03 3.200000e-02 -4.800000e-03
      vertex -6.200000e-03 3.200000e-02 -4.800000e-03
      vertex -6.152296e-03 3.200000e-02 -4.437653e-03
    endloop
  endfacet
  facet normal 0.000000e+00 -1.000000e+00 0.000000e+00
    outer loop
      vertex -4.800000e-03 3.500000e-02 -4.800000e-03
      vertex -6.152296e-03 3.500000e-02 -4.437653e-03
      vertex -6.200000e-03 3.500000e-02 -4.800000e-03
    endloop
  endfacet
  facet normal 9.914448e-01 0.000000e+00 1.305265e-01
    outer loop
      vertex -6.200000e-03 3.200000e-02 -4.800000e-03
      vertex -6.152296e-03 3.200000e-02 -5.162347e-03
      vertex -6.152296e-03 3.500000e-02 -5.162347e-03
    endloop
  endfacet
  facet normal 9.914448e-01 -0.000000e+00 1.305265e-01
    outer loop
      vertex -6.200000e-03 3.200000e-02 -4.800000e-03
      vertex -6.152296e-03 3.500000e-02 -5.162347e-03
      vertex -6.200000e-03 3.500000e-02 -4.800000e-03
    endloop
  endfacet
  facet normal 0.000000e+00 1.000000e+00 0.000000e+00
    outer loop
      vertex -4.800000e-03 3.200000e-02 -4.800000e-03
      vertex -6.152296e-03 3.200000e-02 -5.162347e-03
      vertex -6.200000e-03 3.200000e-02 -4.800000e-03
    endloop
  endfacet
  facet normal -0.000000e+00 -1.000000e+00 0.000000e+00
    outer loop
      vertex -4.800000e-03 3.500000e-02 -4.800000e-03
      vertex -6.200000e-03 3.500000e-02 -4.800000e-03
      vertex -6.152296e-03 3.500000e-02 -5.162347e-03
    endloop
  endfacet
  facet normal 9.238800e-01 0.000000e+00 3.826824e-01
    outer loop
      vertex -6.152296e-03 3.200000e-02 -5.162347e-03
      vertex -6.012436e-03 3.200000e-02 -5.500000e-03
      vertex -6.012436e-03 3.500000e-02 -5.500000e-03
    endloop
  endfacet
  facet normal 9.238800e-01 -0.000000e+00 3.826824e-01
    outer loop
      vertex -6.152296e-03 3.200000e-02 -5.162347e-03
      vertex -6.012436e-03 3.500000e-02 -5.500000e-03
      vertex -6.152296e-03 3.500000e-02 -5.162347e-03
    endloop
  endfacet
  facet normal 0.000000e+00 1.000000e+00 0.000000e+00
    outer loop
      vertex -4.800000e-03 3.200000e-02 -4.800000e-03
      vertex -6.012436e-03 3.200000e-02 -5.500000e-03
      vertex -6.152296e-03 3.200000e-02 -5.162347e-03
    endloop
  endfacet
  facet normal 0.000000e+00 -1.000000e+00 0.000000e+00
    outer loop
      vertex -4.800000e-03 3.500000e-02 -4.800000e-03
      vertex -6.152296e-03 3.500000e-02 -5.162347e-03
      vertex -6.012436e-03 3.500000e-02 -5.500000e-03
    endloop
  endfacet
  facet normal 7.933516e-01 0.000000e+00 6.087637e-01
    outer loop
      vertex -6.012436e-03 3.200000e-02 -5.500000e-03
      vertex -5.789949e-03 3.200000e-02 -5.789949e-03
      vertex -5.789949e-03 3.500000e-02 -5.789949e-03
    endloop
  endfacet
  facet normal 7.933516e-01 -0.000000e+00 6.087637e-01
    outer loop
      vertex -6.012436e-03 3.200000e-02 -5.500000e-03
      vertex -5.789949e-03 3.500000e-02 -5.789949e-03
      vertex -6.012436e-03 3.500000e-02 -5.500000e-03
    endloop
  endfacet
  facet normal 0.000000e+00 1.000000e+00 0.000000e+00
    outer loop
      vertex -4.800000e-03 3.200000e-02 -4.800000e-03
      vertex -5.789949e-03 3.200000e-02 -5.789949e-03
      vertex -6.012436e-03 3.200000e-02 -5.500000e-03
    endloop
  endfacet
  facet normal 0.000000e+00 -1.000000e+00 0.000000e+00
    outer loop
      vertex -4.800000e-03 3.500000e-02 -4.800000e-03
      vertex -6.012436e-03 3.500000e-02 -5.500000e-03
      vertex -5.789949e-03 3.500000e-02 -5.789949e-03
    endloop
  endfacet
  facet normal 6.087637e-01 0.000000e+00 7.933516e-01
    outer loop
      vertex -5.789949e-03 3.200000e-02 -5.789949e-03
      vertex -5.500000e-03 3.200000e-02 -6.012436e-03
      vertex -5.500000e-03 3.500000e-02 -6.012436e-03
    endloop
  endfacet
  facet normal 6.087637e-01 -0.000000e+00 7.933516e-01
    outer loop
      vertex -5.789949e-03 3.200000e-02 -5.789949e-03
      vertex -5.500000e-03 3.500000e-02 -6.012436e-03
      vertex -5.789949e-03 3.500000e-02 -5.789949e-03
    endloop
  endfacet
  facet normal 0.000000e+00 1.000000e+00 0.000000e+00
    outer loop
      vertex -4.800000e-03 3.200000e-02 -4.800000e-03
      vertex -5.500000e-03 3.200000e-02 -6.012436e-03
      vertex -5.789949e-03 3.200000e-02 -5.789949e-03
    endloop
  endfacet
  facet normal 0.000000e+00 -1.000000e+00 0.000000e+00
    outer loop
      vertex -4.800000e-03 3.500000e-02 -4.800000e-03
      vertex -5.789949e-03 3.500000e-02 -5.789949e-03
      vertex -5.500000e-03 3.500000e-02 -6.012436e-03
    endloop
  endfacet
  facet normal 3.826824e-01 0.000000e+00 9.238800e-01
    outer loop
      vertex -5.500000e-03 3.200000e-02 -6.012436e-03
      vertex -5.162347e-03 3.200000e-02 -6.152296e-03
      vertex -5.162347e-03 3.500000e-02 -6.152296e-03
    endloop
  endfacet
  facet normal 3.826824e-01 -0.000000e+00 9.238800e-01
    outer loop
      vertex -5.500000e-03 3.200000e-02 -6.012436e-03
      vertex -5.162347e-03 3.500000e-02 -6.152296e-03
      vertex -5.500000e-03 3.500000e-02 -6.012436e-03
    endloop
  endfacet
  facet normal 0.000000e+00 1.000000e+00 0.000000e+00
    outer loop
      vertex -4.800000e-03 3.200000e-02 -4.800000e-03
      vertex -5.162347e-03 3.200000e-02 -6.152296e-03
      vertex -5.500000e-03 3.200000e-02 -6.012436e-03
    endloop
  endfacet
  facet normal 0.000000e+00 -1.000000e+00 0.000000e+00
    outer loop
      vertex -4.800000e-03 3.500000e-02 -4.800000e-03
      vertex -5.500000e-03 3.500000e-02 -6.012436e-03
      vertex -5.162347e-03 3.500000e-02 -6.152296e-03
    endloop
  endfacet
  facet normal 1.305265e-01 0.000000e+00 9.914448e-01
    outer loop
      vertex -5.162347e-03 3.200000e-02 -6.152296e-03
      vertex -4.800000e-03 3.200000e-02 -6.200000e-03
      vertex -4.800000e-03 3.500000e-02 -6.200000e-03
    endloop
  endfacet
  facet normal 1.305265e-01 -0.000000e+00 9.914448e-01
    outer loop
      vertex -5.162347e-03 3.200000e-02 -6.152296e-03
      vertex -4.800000e-03 3.500000e-02 -6.200000e-03
      vertex -5.162347e-03 3.500000e-02 -6.152296e-03
    endloop
  endfacet
  facet normal 0.000000e+00 1.000000e+00 0.000000e+00
    outer loop
      vertex -4.800000e-03 3.200000e-02 -4.800000e-03
      vertex -4.800000e-03 3.200000e-02 -6.200000e-03
      vertex -5.162347e-03 3.200000e-02 -6.152296e-03
    endloop
  endfacet
  facet normal 0.000000e+00 -1.000000e+00 -0.000000e+00
    outer loop
      vertex -4.800000e-03 3.500000e-02 -4.800000e-03
      vertex -5.162347e-03 3.500000e-02 -6.152296e-03
      vertex -4.800000e-03 3.500000e-02 -6.200000e-03
    endloop
  endfacet
  facet normal -1.305265e-01 0.000000e+00 9.914448e-01
    outer loop
      vertex -4.800000e-03 3.200000e-02 -6.200000e-03
      vertex -4.437653e-03 3.200000e-02 -6.152296e-03
      vertex -4.437653e-03 3.500000e-02 -6.152296e-03
    endloop
  endfacet
  facet normal -1.305265e-01 0.000000e+00 9.914448e-01
    outer loop
      vertex -4.800000e-03 3.200000e-02 -6.200000e-03
      vertex -4.437653e-03 3.500000e-02 -6.152296e-03
      vertex -4.800000e-03 3.500000e-02 -6.200000e-03
    endloop
  endfacet
  facet normal 0.000000e+00 1.000000e+00 0.000000e+00
    outer loop
      vertex -4.800000e-03 3.200000e-02 -4.800000e-03
      vertex -4.437653e-03 3.200000e-02 -6.152296e-03
      vertex -4.800000e-03 3.200000e-02 -6.200000e-03
    endloop
  endfacet
  facet normal 0.000000e+00 -1.000000e+00 0.000000e+00
    outer loop
      vertex -4.800000e-03 3.500000e-02 -4.800000e-03
      vertex -4.800000e-03 3.500000e-02 -6.200000e-03
      vertex -4.437653e-03 3.500000e-02 -6.152296e-03
    endloop
  endfacet
  facet normal -3.826824e-01 0.000000e+00 9.238800e-01
    outer loop
      vertex -4.437653e-03 3.200000e-02 -6.152296e-03
      vertex -4.100000e-03 3.200000e-02 -6.012436e-03
      vertex -4.100000e-03 3.500000e-02 -6.012436e-03
    endloop
  endfacet
  facet normal -3.826824e-01 0.000000e+00 9.238800e-01
    outer loop
      vertex -4.437653e-03 3.200000e-02 -6.152296e-03
      vertex -4.100000e-03 3.500000e-02 -6.012436e-03
      vertex -4.437653e-03 3.500000e-02 -6.152296e-03
    endloop
  endfacet
  facet normal 0.000000e+00 1.000000e+00 0.000000e+00
    outer loop
      vertex -4.800000e-03 3.200000e-02 -4.800000e-03
      vertex -4.100000e-03 3.200000e-02 -6.012436e-03
      vertex -4.437653e-03 3.200000e-02 -6.152296e-03
    endloop
  endfacet
  facet normal 0.000000e+00 -1.000000e+00 0.000000e+00
    outer loop
      vertex -4.800000e-03 3.500000e-02 -4.800000e-03
      vertex -4.437653e-03 3.500000e-02 -6.152296e-03
      vertex -4.100000e-03 3.500000e-02 -6.012436e-03
    endloop
  endfacet
  facet normal -6.087637e-01 0.000000e+00 7.933516e-01
    outer loop
      vertex -4.100000e-03 3.200000e-02 -6.012436e-03
      vertex -3.810051e-03 3.200000e-02 -5.789949e-03
      vertex -3.810051e-03 3.500000e-02 -5.789949e-03
    endloop
  endfacet
  facet normal -6.087637e-01 0.000000e+00 7.933516e-01
    outer loop
      vertex -4.100000e-03 3.200000e-02 -6.012436e-03
      vertex -3.810051e-03 3.500000e-02 -5.789949e-03
      vertex -4.100000e-03 3.500000e-02 -6.012436e-03
    endloop
  endfacet
  facet normal 0.000000e+00 1.000000e+00 0.000000e+00
    outer loop
      vertex -4.800000e-03 3.200000e-02 -4.800000e-03
      vertex -3.810051e-03 3.200000e-02 -5.789949e-03
      vertex -4.100000e-03 3.200000e-02 -6.012436e-03
    endloop
  endfacet
  facet normal 0.000000e+00 -1.000000e+00 0.000000e+00
    outer loop
      vertex -4.800000e-03 3.500000e-02 -4.800000e-03
      vertex -4.100000e-03 3.500000e-02 -6.012436e-03
      vertex -3.810051e-03 3.500000e-02 -5.789949e-03
    endloop
  endfacet
  facet normal -7.933516e-01 0.000000e+00 6.087637e-01
    outer loop
      vertex -3.810051e-03 3.200000e-02 -5.789949e-03
      vertex -3.587564e-03 3.200000e-02 -5.500000e-03
      vertex -3.587564e-03 3.500000e-02 -5.500000e-03
    endloop
  endfacet
  facet normal -7.933516e-01 0.000000e+00 6.087637e-01
    outer loop
      vertex -3.810051e-03 3.200000e-02 -5.789949e-03
      vertex -3.587564e-03 3.500000e-02 -5.500000e-03
      vertex -3.810051e-03 3.500000e-02 -5.789949e-03
    endloop
  endfacet
  facet normal 0.000000e+00 1.000000e+00 0.000000e+00
    outer loop
      vertex -4.800000e-03 3.200000e-02 -4.800000e-03
      vertex -3.587564e-03 3.200000e-02 -5.500000e-03
      vertex -3.810051e-03 3.200000e-02 -5.789949e-03
    endloop
  endfacet
  facet normal 0.000000e+00 -1.000000e+00 0.000000e+00
    outer loop
      vertex -4.800000e-03 3.500000e-02 -4.800000e-03
      vertex -3.810051e-03 3.500000e-02 -5.789949e-03
      vertex -3.587564e-03 3.500000e-02 -5.500000e-03
    endloop
  endfacet
  facet normal -9.238800e-01 0.000000e+00 3.826824e-01
    outer loop
      vertex -3.587564e-03 3.200000e-02 -5.500000e-03
      vertex -3.447704e-03 3.200000e-02 -5.162347e-03
      vertex -3.447704e-03 3.500000e-02 -5.162347e-03
    endloop
  endfacet
  facet normal -9.238800e-01 0.000000e+00 3.826824e-01
    outer loop
      vertex -3.587564e-03 3.200000e-02 -5.500000e-03
      vertex -3.447704e-03 3.500000e-02 -5.162347e-03
      vertex -3.587564e-03 3.500000e-02 -5.500000e-03
    endloop
  endfacet
  facet normal 0.000000e+00 1.000000e+00 0.000000e+00
    outer loop
      vertex -4.800000e-03 3.200000e-02 -4.800000e-03
      vertex -3.447704e-03 3.200000e-02 -5.162347e-03
      vertex -3.587564e-03 3.200000e-02 -5.500000e-03
    endloop
  endfacet
  facet normal 0.000000e+00 -1.000000e+00 0.000000e+00
    outer loop
      vertex -4.800000e-03 3.500000e-02 -4.800000e-03
      vertex -3.587564e-03 3.500000e-02 -5.500000e-03
      vertex -3.447704e-03 3.500000e-02 -5.162347e-03
    endloop
  endfacet
  facet normal -9.914448e-01 0.000000e+00 1.305265e-01
    outer loop
      vertex -3.447704e-03 3.200000e-02 -5.162347e-03
      vertex -3.400000e-03 3.200000e-02 -4.800000e-03
      vertex -3.400000e-03 3.500000e-02 -4.800000e-03
    endloop
  endfacet
  facet normal -9.914448e-01 0.000000e+00 1.305265e-01
    outer loop
      vertex -3.447704e-03 3.200000e-02 -5.162347e-03
      vertex -3.400000e-03 3.500000e-02 -4.800000e-03
      vertex -3.447704e-03 3.500000e-02 -5.162347e-03
    endloop
  endfacet
  facet normal -0.000000e+00 1.000000e+00 0.000000e+00
    outer loop
      vertex -4.800000e-03 3.200000e-02 -4.800000e-03
      vertex -3.400000e-03 3.200000e-02 -4.800000e-03
      vertex -3.447704e-03 3.200000e-02 -5.162347e-03
    endloop
  endfacet
  facet normal 0.000000e+00 -1.000000e+00 0.000000e+00
    outer loop
      vertex -4.800000e-03 3.500000e-02 -4.800000e-03
      vertex -3.447704e-03 3.500000e-02 -5.162347e-03
      vertex -3.400000e-03 3.500000e-02 -4.800000e-03
    endloop
  endfacet
  facet normal 0.000000e+00 0.000000e+00 1.000000e+00
    outer loop
      vertex 3.220000e-03 1.100000e-02 -5.420000e-03
      vertex 5.420000e-03 1.100000e-02 -5.420000e-03
      vertex 5.420000e-03 2.500000e-02 -5.420000e-03
    endloop
  endfacet
  facet normal 0.000000e+00 0.000000e+00 1.000000e+00
    outer loop
      vertex 3.220000e-03 1.100000e-02 -5.420000e-03
      vertex 5.420000e-03 2.500000e-02 -5.420000e-03
      vertex 3.220000e-03 2.500000e-02 -5.420000e-03
    endloop
  endfacet
  facet normal 0.000000e+00 0.000000e+00 -1.000000e+00
    outer loop
      vertex 3.220000e-03 1.100000e-02 -3.220000e-03
      vertex 5.420000e-03 2.500000e-02 -3.220000e-03
      vertex 5.420000e-03 1.100000e-02 -3.220000e-03
    endloop
  endfacet
  facet normal 0.000000e+00 0.000000e+00 -1.000000e+00
    outer loop
      vertex 3.220000e-03 1.100000e-02 -3.220000e-03
      vertex 3.220000e-03 2.500000e-02 -3.220000e-03
      vertex 5.420000e-03 2.500000e-02 -3.220000e-03
    endloop
  endfacet
  facet normal 0.000000e+00 1.000000e+00 0.000000e+00
    outer loop
      vertex 3.220000e-03 1.100000e-02 -5.420000e-03
      vertex 3.220000e-03 1.100000e-02 -3.220000e-03
      vertex 5.420000e-03 1.100000e-02 -3.220000e-03
    endloop
  endfacet
  facet normal 0.000000e+00 1.000000e+00 0.000000e+00
    outer loop
      vertex 3.220000e-03 1.100000e-02 -5.420000e-03
      vertex 5.420000e-03 1.100000e-02 -3.220000e-03
      vertex 5.420000e-03 1.100000e-02 -5.420000e-03
    endloop
  endfacet
  facet normal -1.000000e+00 0.000000e+00 0.000000e+00
    outer loop
      vertex 5.420000e-03 1.100000e-02 -5.420000e-03
      vertex 5.420000e-03 1.100000e-02 -3.220000e-03
      vertex 5.420000e-03 2.500000e-02 -3.220000e-03
    endloop
  endfacet
  facet normal -1.000000e+00 0.000000e+00 0.000000e+00
    outer loop
      vertex 5.420000e-03 1.100000e-02 -5.420000e-03
      vertex 5.420000e-03 2.500000e-02 -3.220000e-03
      vertex 5.420000e-03 2.500000e-02 -5.420000e-03
    endloop
  endfacet
  facet normal 0.000000e+00 -1.000000e+00 0.000000e+00
    outer loop
      vertex 5.420000e-03 2.500000e-02 -5.420000e-03
      vertex 5.420000e-03 2.500000e-02 -3.220000e-03
      vertex 3.220000e-03 2.500000e-02 -3.220000e-03
    endloop
  endfacet
  facet normal 0.000000e+00 -1.000000e+00 0.000000e+00
    outer loop
      vertex 5.420000e-03 2.500000e-02 -5.420000e-03
      vertex 3.220000e-03 2.500000e-02 -3.220000e-03
      vertex 3.220000e-03 2.500000e-02 -5.420000e-03
    endloop
  endfacet
  facet normal 1.000000e+00 0.000000e+00 -0.000000e+00
    outer loop
      vertex 3.220000e-03 2.500000e-02 -5.420000e-03
      vertex 3.220000e-03 2.500000e-02 -3.220000e-03
      vertex 3.220000e-03 1.100000e-02 -3.220000e-03
    endloop
  endfacet
  facet normal 1.000000e+00 0.000000e+00 0.000000e+00
    outer loop
      vertex 3.220000e-03 2.500000e-02 -5.420000e-03
      vertex 3.220000e-03 1.100000e-02 -3.220000e-03
      vertex 3.220000e-03 1.100000e-02 -5.420000e-03
    endloop
  endfacet
  facet normal 0.000000e+00 0.000000e+00 1.000000e+00
    outer loop
      vertex 3.400000e-03 2.500000e-02 -6.200000e-03
      vertex 6.200000e-03 2.500000e-02 -6.200000e-03
      vertex 6.200000e-03 3.200000e-02 -6.200000e-03
    endloop
  endfacet
  facet normal 0.000000e+00 0.000000e+00 1.000000e+00
    outer loop
      vertex 3.400000e-03 2.500000e-02 -6.200000e-03
      vertex 6.200000e-03 3.200000e-02 -6.200000e-03
      vertex 3.400000e-03 3.200000e-02 -6.200000e-03
    endloop
  endfacet
  facet normal 0.000000e+00 0.000000e+00 -1.000000e+00
    outer loop
      vertex 3.400000e-03 2.500000e-02 -3.400000e-03
      vertex 6.200000e-03 3.200000e-02 -3.400000e-03
      vertex 6.200000e-03 2.500000e-02 -3.400000e-03
    endloop
  endfacet
  facet normal 0.000000e+00 0.000000e+00 -1.000000e+00
    outer loop
      vertex 3.400000e-03 2.500000e-02 -3.400000e-03
      vertex 3.400000e-03 3.200000e-02 -3.400000e-03
      vertex 6.200000e-03 3.200000e-02 -3.400000e-03
    endloop
  endfacet
  facet normal 0.000000e+00 1.000000e+00 0.000000e+00
    outer loop
      vertex 3.400000e-03 2.500000e-02 -6.200000e-03
      vertex 3.400000e-03 2.500000e-02 -3.400000e-03
      vertex 6.200000e-03 2.500000e-02 -3.400000e-03
    endloop
  endfacet
  facet normal 0.000000e+00 1.000000e+00 0.000000e+00
    outer loop
      vertex 3.400000e-03 2.500000e-02 -6.200000e-03
      vertex 6.200000e-03 2.500000e-02 -3.400000e-03
      vertex 6.200000e-03 2.500000e-02 -6.200000e-03
    endloop
  endfacet
  facet normal -1.000000e+00 0.000000e+00 0.000000e+00
    outer loop
      vertex 6.200000e-03 2.500000e-02 -6.200000e-03
      vertex 6.200000e-03 2.500000e-02 -3.400000e-03
      vertex 6.200000e-03 3.200000e-02 -3.400000e-03
    endloop
  endfacet
  facet normal -1.000000e+00 0.000000e+00 0.000000e+00
    outer loop
      vertex 6.200000e-03 2.500000e-02 -6.200000e-03
      vertex 6.200000e-03 3.200000e-02 -3.400000e-03
      vertex 6.200000e-03 3.200000e-02 -6.200000e-03
    endloop
  endfacet
  facet normal 0.000000e+00 -1.000000e+00 0.000000e+00
    outer loop
      vertex 6.200000e-03 3.200000e-02 -6.200000e-03
      vertex 6.200000e-03 3.200000e-02 -3.400000e-03
      vertex 3.400000e-03 3.200000e-02 -3.400000e-03
    endloop
  endfacet
  facet normal 0.000000e+00 -1.000000e+00 0.000000e+00
    outer loop
      vertex 6.200000e-03 3.200000e-02 -6.200000e-03
      vertex 3.400000e-03 3.200000e-02 -3.400000e-03
      vertex 3.400000e-03 3.200000e-02 -6.200000e-03
    endloop
  endfacet
  facet normal 1.000000e+00 0.000000e+00 -0.000000e+00
    outer loop
      vertex 3.400000e-03 3.200000e-02 -6.200000e-03
      vertex 3.400000e-03 3.200000e-02 -3.400000e-03
      vertex 3.400000e-03 2.500000e-02 -3.400000e-03
    endloop
  endfacet
  facet normal 1.000000e+00 0.000000e+00 0.000000e+00
    outer loop
      vertex 3.400000e-03 3.200000e-02 -6.200000e-03
      vertex 3.400000e-03 2.500000e-02 -3.400000e-03
      vertex 3.400000e-03 2.500000e-02 -6.200000e-03
    endloop
  endfacet
  facet normal -9.914448e-01 0.000000e+00 -1.305265e-01
    outer loop
      vertex 6.200000e-03 3.200000e-02 -4.800000e-03
      vertex 6.152296e-03 3.200000e-02 -4.437653e-03
      vertex 6.152296e-03 3.500000e-02 -4.437653e-03
    endloop
  endfacet
  facet normal -9.914448e-01 0.000000e+00 -1.305265e-01
    outer loop
      vertex 6.200000e-03 3.200000e-02 -4.800000e-03
      vertex 6.152296e-03 3.500000e-02 -4.437653e-03
      vertex 6.200000e-03 3.500000e-02 -4.800000e-03
    endloop
  endfacet
  facet normal 0.000000e+00 1.000000e+00 0.000000e+00
    outer loop
      vertex 4.800000e-03 3.200000e-02 -4.800000e-03
      vertex 6.152296e-03 3.200000e-02 -4.437653e-03
      vertex 6.200000e-03 3.200000e-02 -4.800000e-03
    endloop
  endfacet
  facet normal 0.000000e+00 -1.000000e+00 0.000000e+00
    outer loop
      vertex 4.800000e-03 3.500000e-02 -4.800000e-03
      vertex 6.200000e-03 3.500000e-02 -4.800000e-03
      vertex 6.152296e-03 3.500000e-02 -4.437653e-03
    endloop
  endfacet
  facet normal -9.238800e-01 0.000000e+00 -3.826824e-01
    outer loop
      vertex 6.152296e-03 3.200000e-02 -4.437653e-03
      vertex 6.012436e-03 3.200000e-02 -4.100000e-03
      vertex 6.012436e-03 3.500000e-02 -4.100000e-03
    endloop
  endfacet
  facet normal -9.238800e-01 0.000000e+00 -3.826824e-01
    outer loop
      vertex 6.152296e-03 3.200000e-02 -4.437653e-03
      vertex 6.012436e-03 3.500000e-02 -4.100000e-03
      vertex 6.152296e-03 3.500000e-02 -4.437653e-03
    endloop
  endfacet
  facet normal 0.000000e+00 1.000000e+00 0.000000e+00
    outer loop
      vertex 4.800000e-03 3.200000e-02 -4.800000e-03
      vertex 6.012436e-03 3.200000e-02 -4.100000e-03
      vertex 6.152296e-03 3.200000e-02 -4.437653e-03
    endloop
  endfacet
  facet normal 0.000000e+00 -1.000000e+00 0.000000e+00
    outer loop
      vertex 4.800000e-03 3.500000e-02 -4.800000e-03
      vertex 6.152296e-03 3.500000e-02 -4.437653e-03
      vertex 6.012436e-03 3.500000e-02 -4.100000e-03
    endloop
  endfacet
  facet normal -7.933516e-01 0.000000e+00 -6.087637e-01
    outer loop
      vertex 6.012436e-03 3.200000e-02 -4.100000e-03
      vertex 5.789949e-03 3.200000e-02 -3.810051e-03
      vertex 5.789949e-03 3.500000e-02 -3.810051e-03
    endloop
  endfacet
  facet normal -7.933516e-01 0.000000e+00 -6.087637e-01
    outer loop
      vertex 6.012436e-03 3.200000e-02 -4.100000e-03
      vertex 5.789949e-03 3.500000e-02 -3.810051e-03
      vertex 6.012436e-03 3.500000e-02 -4.100000e-03
    endloop
  endfacet
  facet normal 0.000000e+00 1.000000e+00 0.000000e+00
    outer loop
      vertex 4.800000e-03 3.200000e-02 -4.800000e-03
      vertex 5.789949e-03 3.200000e-02 -3.810051e-03
      vertex 6.012436e-03 3.200000e-02 -4.100000e-03
    endloop
  endfacet
  facet normal 0.000000e+00 -1.000000e+00 0.000000e+00
    outer loop
      vertex 4.800000e-03 3.500000e-02 -4.800000e-03
      vertex 6.012436e-03 3.500000e-02 -4.100000e-03
      vertex 5.789949e-03 3.500000e-02 -3.810051e-03
    endloop
  endfacet
  facet normal -6.087637e-01 0.000000e+00 -7.933516e-01
    outer loop
      vertex 5.789949e-03 3.200000e-02 -3.810051e-03
      vertex 5.500000e-03 3.200000e-02 -3.587564e-03
      vertex 5.500000e-03 3.500000e-02 -3.587564e-03
    endloop
  endfacet
  facet normal -6.087637e-01 0.000000e+00 -7.933516e-01
    outer loop
      vertex 5.789949e-03 3.200000e-02 -3.810051e-03
      vertex 5.500000e-03 3.500000e-02 -3.587564e-03
      vertex 5.789949e-03 3.500000e-02 -3.810051e-03
    endloop
  endfacet
  facet normal 0.000000e+00 1.000000e+00 0.000000e+00
    outer loop
      vertex 4.800000e-03 3.200000e-02 -4.800000e-03
      vertex 5.500000e-03 3.200000e-02 -3.587564e-03
      vertex 5.789949e-03 3.200000e-02 -3.810051e-03
    endloop
  endfacet
  facet normal 0.000000e+00 -1.000000e+00 0.000000e+00
    outer loop
      vertex 4.800000e-03 3.500000e-02 -4.800000e-03
      vertex 5.789949e-03 3.500000e-02 -3.810051e-03
      vertex 5.500000e-03 3.500000e-02 -3.587564e-03
    endloop
  endfacet
  facet normal -3.826824e-01 0.000000e+00 -9.238800e-01
    outer loop
      vertex 5.500000e-03 3.200000e-02 -3.587564e-03
      vertex 5.162347e-03 3.200000e-02 -3.447704e-03
      vertex 5.162347e-03 3.500000e-02 -3.447704e-03
    endloop
  endfacet
  facet normal -3.826824e-01 0.000000e+00 -9.238800e-01
    outer loop
      vertex 5.500000e-03 3.200000e-02 -3.587564e-03
      vertex 5.162347e-03 3.500000e-02 -3.447704e-03
      vertex 5.500000e-03 3.500000e-02 -3.587564e-03
    endloop
  endfacet
  facet normal 0.000000e+00 1.000000e+00 0.000000e+00
    outer loop
      vertex 4.800000e-03 3.200000e-02 -4.800000e-03
      vertex 5.162347e-03 3.200000e-02 -3.447704e-03
      vertex 5.500000e-03 3.200000e-02 -3.587564e-03
    endloop
  endfacet
  facet normal 0.000000e+00 -1.000000e+00 0.000000e+00
    outer loop
      vertex 4.800000e-03 3.500000e-02 -4.800000e-03
      vertex 5.500000e-03 3.500000e-02 -3.587564e-03
      vertex 5.162347e-03 3.500000e-02 -3.447704e-03
    endloop
  endfacet
  facet normal -1.305265e-01 0.000000e+00 -9.914448e-01
    outer loop
      vertex 5.162347e-03 3.200000e-02 -3.447704e-03
      vertex 4.800000e-03 3.200000e-02 -3.400000e-03
      vertex 4.800000e-03 3.500000e-02 -3.400000e-03
    endloop
  endfacet
  facet normal -1.305265e-01 0.000000e+00 -9.914448e-01
    outer loop
      vertex 5.162347e-03 3.200000e-02 -3.447704e-03
      vertex 4.800000e-03 3.500000e-02 -3.400000e-03
      vertex 5.162347e-03 3.500000e-02 -3.447704e-03
    endloop
  endfacet
  facet normal 0.000000e+00 1.000000e+00 0.000000e+00
    outer loop
      vertex 4.800000e-03 3.200000e-02 -4.800000e-03
      vertex 4.800000e-03 3.200000e-02 -3.400000e-03
      vertex 5.162347e-03 3.200000e-02 -3.447704e-03
    endloop
  endfacet
  facet normal 0.000000e+00 -1.000000e+00 0.000000e+00
    outer loop
      vertex 4.800000e-03 3.500000e-02 -4.800000e-03
      vertex 5.162347e-03 3.500000e-02 -3.447704e-03
      vertex 4.800000e-03 3.500000e-02 -3.400000e-03
    endloop
  endfacet
  facet normal 1.305265e-01 0.000000e+00 -9.914448e-01
    outer loop
      vertex 4.800000e-03 3.200000e-02 -3.400000e-03
      vertex 4.437653e-03 3.200000e-02 -3.447704e-03
      vertex 4.437653e-03 3.500000e-02 -3.447704e-03
    endloop
  endfacet
  facet normal 1.305265e-01 0.000000e+00 -9.914448e-01
    outer loop
      vertex 4.800000e-03 3.200000e-02 -3.400000e-03
      vertex 4.437653e-03 3.500000e-02 -3.447704e-03
      vertex 4.800000e-03 3.500000e-02 -3.400000e-03
    endloop
  endfacet
  facet normal 0.000000e+00 1.000000e+00 -0.000000e+00
    outer loop
      vertex 4.800000e-03 3.200000e-02 -4.800000e-03
      vertex 4.437653e-03 3.200000e-02 -3.447704e-03
      vertex 4.800000e-03 3.200000e-02 -3.400000e-03
    endloop
  endfacet
  facet normal 0.000000e+00 -1.000000e+00 0.000000e+00
    outer loop
      vertex 4.800000e-03 3.500000e-02 -4.800000e-03
      vertex 4.800000e-03 3.500000e-02 -3.400000e-03
      vertex 4.437653e-03 3.500000e-02 -3.447704e-03
    endloop
  endfacet
  facet normal 3.826824e-01 0.000000e+00 -9.238800e-01
    outer loop
      vertex 4.437653e-03 3.200000e-02 -3.447704e-03
      vertex 4.100000e-03 3.200000e-02 -3.587564e-03
      vertex 4.100000e-03 3.500000e-02 -3.587564e-03
    endloop
  endfacet
  facet normal 3.826824e-01 0.000000e+00 -9.238800e-01
    outer loop
      vertex 4.437653e-03 3.200000e-02 -3.447704e-03
      vertex 4.100000e-03 3.500000e-02 -3.587564e-03
      vertex 4.437653e-03 3.500000e-02 -3.447704e-03
    endloop
  endfacet
  facet normal 0.000000e+00 1.000000e+00 0.000000e+00
    outer loop
      vertex 4.800000e-03 3.200000e-02 -4.800000e-03
      vertex 4.100000e-03 3.200000e-02 -3.587564e-03
      vertex 4.437653e-03 3.200000e-02 -3.447704e-03
    endloop
  endfacet
  facet normal 0.000000e+00 -1.000000e+00 0.000000e+00
    outer loop
      vertex 4.800000e-03 3.500000e-02 -4.800000e-03
      vertex 4.437653e-03 3.500000e-02 -3.447704e-03
      vertex 4.100000e-03 3.500000e-02 -3.587564e-03
    endloop
  endfacet
  facet normal 6.087637e-01 0.000000e+00 -7.933516e-01
    outer loop
      vertex 4.100000e-03 3.200000e-02 -3.587564e-03
      vertex 3.810051e-03 3.200000e-02 -3.810051e-03
      vertex 3.810051e-03 3.500000e-02 -3.810051e-03
    endloop
  endfacet
  facet normal 6.087637e-01 0.000000e+00 -7.933516e-01
    outer loop
      vertex 4.100000e-03 3.200000e-02 -3.587564e-03
      vertex 3.810051e-03 3.500000e-02 -3.810051e-03
      vertex 4.100000e-03 3.500000e-02 -3.587564e-03
    endloop
  endfacet
  facet normal 0.000000e+00 1.000000e+00 0.000000e+00
    outer loop
      vertex 4.800000e-03 3.200000e-02 -4.800000e-03
      vertex 3.810051e-03 3.200000e-02 -3.810051e-03
      vertex 4.100000e-03 3.200000e-02 -3.587564e-03
    endloop
  endfacet
  facet normal 0.000000e+00 -1.000000e+00 0.000000e+00
    outer loop
      vertex 4.800000e-03 3.500000e-02 -4.800000e-03
      vertex 4.100000e-03 3.500000e-02 -3.587564e-03
      vertex 3.810051e-03 3.500000e-02 -3.810051e-03
    endloop
  endfacet
  facet normal 7.933516e-01 0.000000e+00 -6.087637e-01
    outer loop
      vertex 3.810051e-03 3.200000e-02 -3.810051e-03
      vertex 3.587564e-03 3.200000e-02 -4.100000e-03
      vertex 3.587564e-03 3.500000e-02 -4.100000e-03
    endloop
  endfacet
  facet normal 7.933516e-01 0.000000e+00 -6.087637e-01
    outer loop
      vertex 3.810051e-03 3.200000e-02 -3.810051e-03
      vertex 3.587564e-03 3.500000e-02 -4.100000e-03
      vertex 3.810051e-03 3.500000e-02 -3.810051e-03
    endloop
  endfacet
  facet normal 0.000000e+00 1.000000e+00 0.000000e+00
    outer loop
      vertex 4.800000e-03 3.200000e-02 -4.800000e-03
      vertex 3.587564e-03 3.200000e-02 -4.100000e-03
      vertex 3.810051e-03 3.200000e-02 -3.810051e-03
    endloop
  endfacet
  facet normal 0.000000e+00 -1.000000e+00 0.000000e+00
    outer loop
      vertex 4.800000e-03 3.500000e-02 -4.800000e-03
      vertex 3.810051e-03 3.500000e-02 -3.810051e-03
      vertex 3.587564e-03 3.500000e-02 -4.100000e-03
    endloop
  endfacet
  facet normal 9.238800e-01 0.000000e+00 -3.826824e-01
    outer loop
      vertex 3.587564e-03 3.200000e-02 -4.100000e-03
      vertex 3.447704e-03 3.200000e-02 -4.437653e-03
      vertex 3.447704e-03 3.500000e-02 -4.437653e-03
    endloop
  endfacet
  facet normal 9.238800e-01 0.000000e+00 -3.826824e-01
    outer loop
      vertex 3.587564e-03 3.200000e-02 -4.100000e-03
      vertex 3.447704e-03 3.500000e-02 -4.437653e-03
      vertex 3.587564e-03 3.500000e-02 -4.100000e-03
    endloop
  endfacet
  facet normal 0.000000e+00 1.000000e+00 0.000000e+00
    outer loop
      vertex 4.800000e-03 3.200000e-02 -4.800000e-03
      vertex 3.447704e-03 3.200000e-02 -4.437653e-03
      vertex 3.587564e-03 3.200000e-02 -4.100000e-03
    endloop
  endfacet
  facet normal 0.000000e+00 -1.000000e+00 0.000000e+00
    outer loop
      vertex 4.800000e-03 3.500000e-02 -4.800000e-03
      vertex 3.587564e-03 3.500000e-02 -4.100000e-03
      vertex 3.447704e-03 3.500000e-02 -4.437653e-03
    endloop
  endfacet
  facet normal 9.914448e-01 0.000000e+00 -1.305265e-01
    outer loop
      vertex 3.447704e-03 3.200000e-02 -4.437653e-03
      vertex 3.400000e-03 3.200000e-02 -4.800000e-03
      vertex 3.400000e-03 3.500000e-02 -4.800000e-03
    endloop
  endfacet
  facet normal 9.914448e-01 0.000000e+00 -1.305265e-01
    outer loop
      vertex 3.447704e-03 3.200000e-02 -4.437653e-03
      vertex 3.400000e-03 3.500000e-02 -4.800000e-03
      vertex 3.447704e-03 3.500000e-02 -4.437653e-03
    endloop
  endfacet
  facet normal 0.000000e+00 1.000000e+00 0.000000e+00
    outer loop
      vertex 4.800000e-03 3.200000e-02 -4.800000e-03
      vertex 3.400000e-03 3.200000e-02 -4.800000e-03
      vertex 3.447704e-03 3.200000e-02 -4.437653e-03
    endloop
  endfacet
  facet normal 0.000000e+00 -1.000000e+00 0.000000e+00
    outer loop
      vertex 4.800000e-03 3.500000e-02 -4.800000e-03
      vertex 3.447704e-03 3.500000e-02 -4.437653e-03
      vertex 3.400000e-03 3.500000e-02 -4.800000e-03
    endloop
  endfacet
  facet normal 9.914448e-01 0.000000e+00 1.305265e-01
    outer loop
      vertex 3.400000e-03 3.200000e-02 -4.800000e-03
      vertex 3.447704e-03 3.200000e-02 -5.162347e-03
      vertex 3.447704e-03 3.500000e-02 -5.162347e-03
    endloop
  endfacet
  facet normal 9.914448e-01 -0.000000e+00 1.305265e-01
    outer loop
      vertex 3.400000e-03 3.200000e-02 -4.800000e-03
      vertex 3.447704e-03 3.500000e-02 -5.162347e-03
      vertex 3.400000e-03 3.500000e-02 -4.800000e-03
    endloop
  endfacet
  facet normal 0.000000e+00 1.000000e+00 0.000000e+00
    outer loop
      vertex 4.800000e-03 3.200000e-02 -4.800000e-03
      vertex 3.447704e-03 3.200000e-02 -5.162347e-03
      vertex 3.400000e-03 3.200000e-02 -4.800000e-03
    endloop
  endfacet
  facet normal -0.000000e+00 -1.000000e+00 0.000000e+00
    outer loop
      vertex 4.800000e-03 3.500000e-02 -4.800000e-03
      vertex 3.400000e-03 3.500000e-02 -4.800000e-03
      vertex 3.447704e-03 3.500000e-02 -5.162347e-03
    endloop
  endfacet
  facet normal 9.238800e-01 0.000000e+00 3.826824e-01
    outer loop
      vertex 3.447704e-03 3.200000e-02 -5.162347e-03
      vertex 3.587564e-03 3.200000e-02 -5.500000e-03
      vertex 3.587564e-03 3.500000e-02 -5.500000e-03
    endloop
  endfacet
  facet normal 9.238800e-01 -0.000000e+00 3.826824e-01
    outer loop
      vertex 3.447704e-03 3.200000e-02 -5.162347e-03
      vertex 3.587564e-03 3.500000e-02 -5.500000e-03
      vertex 3.447704e-03 3.500000e-02 -5.162347e-03
    endloop
  endfacet
  facet normal 0.000000e+00 1.000000e+00 0.000000e+00
    outer loop
      vertex 4.800000e-03 3.200000e-02 -4.800000e-03
      vertex 3.587564e-03 3.200000e-02 -5.500000e-03
      vertex 3.447704e-03 3.200000e-02 -5.162347e-03
    endloop
  endfacet
  facet normal 0.000000e+00 -1.000000e+00 0.000000e+00
    outer loop
      vertex 4.800000e-03 3.500000e-02 -4.800000e-03
      vertex 3.447704e-03 3.500000e-02 -5.162347e-03
      vertex 3.587564e-03 3.500000e-02 -5.500000e-03
    endloop
  endfacet
  facet normal 7.933516e-01 0.000000e+00 6.087637e-01
    outer loop
      vertex 3.587564e-03 3.200000e-02 -5.500000e-03
      vertex 3.810051e-03 3.200000e-02 -5.789949e-03
      vertex 3.810051e-03 3.500000e-02 -5.789949e-03
    endloop
  endfacet
  facet normal 7.933516e-01 -0.000000e+00 6.087637e-01
    outer loop
      vertex 3.587564e-03 3.200000e-02 -5.500000e-03
      vertex 3.810051e-03 3.500000e-02 -5.789949e-03
      vertex 3.587564e-03 3.500000e-02 -5.500000e-03
    endloop
  endfacet
  facet normal 0.000000e+00 1.000000e+00 0.000000e+00
    outer loop
      vertex 4.800000e-03 3.200000e-02 -4.800000e-03
      vertex 3.810051e-03 3.200000e-02 -5.789949e-03
      vertex 3.587564e-03 3.200000e-02 -5.500000e-03
    endloop
  endfacet
  facet normal 0.000000e+00 -1.000000e+00 0.000000e+00
    outer loop
      vertex 4.800000e-03 3.500000e-02 -4.800000e-03
      vertex 3.587564e-03 3.500000e-02 -5.500000e-03
      vertex 3.810051e-03 3.500000e-02 -5.789949e-03
    endloop
  endfacet
  facet normal 6.087637e-01 0.000000e+00 7.933516e-01
    outer loop
      vertex 3.810051e-03 3.200000e-02 -5.789949e-03
      vertex 4.100000e-03 3.200000e-02 -6.012436e-03
      vertex 4.100000e-03 3.500000e-02 -6.012436e-03
    endloop
  endfacet
  facet normal 6.087637e-01 -0.000000e+00 7.933516e-01
    outer loop
      vertex 3.810051e-03 3.200000e-02 -5.789949e-03
      vertex 4.100000e-03 3.500000e-02 -6.012436e-03
      vertex 3.810051e-03 3.500000e-02 -5.789949e-03
    endloop
  endfacet
  facet normal 0.000000e+00 1.000000e+00 0.000000e+00
    outer loop
      vertex 4.800000e-03 3.200000e-02 -4.800000e-03
      vertex 4.100000e-03 3.200000e-02 -6.012436e-03
      vertex 3.810051e-03 3.200000e-02 -5.789949e-03
    endloop
  endfacet
  facet normal 0.000000e+00 -1.000000e+00 0.000000e+00
    outer loop
      vertex 4.800000e-03 3.500000e-02 -4.800000e-03
      vertex 3.810051e-03 3.500000e-02 -5.789949e-03
      vertex 4.100000e-03 3.500000e-02 -6.012436e-03
    endloop
  endfacet
  facet normal 3.826824e-01 0.000000e+00 9.238800e-01
    outer loop
      vertex 4.100000e-03 3.200000e-02 -6.012436e-03
      vertex 4.437653e-03 3.200000e-02 -6.152296e-03
      vertex 4.437653e-03 3.500000e-02 -6.152296e-03
    endloop
  endfacet
  facet normal 3.826824e-01 -0.000000e+00 9.238800e-01
    outer loop
      vertex 4.100000e-03 3.200000e-02 -6.012436e-03
      vertex 4.437653e-03 3.500000e-02 -6.152296e-03
      vertex 4.100000e-03 3.500000e-02 -6.012436e-03
    endloop
  endfacet
  facet normal 0.000000e+00 1.000000e+00 0.000000e+00
    outer loop
      vertex 4.800000e-03 3.200000e-02 -4.800000e-03
      vertex 4.437653e-03 3.200000e-02 -6.152296e-03
      vertex 4.100000e-03 3.200000e-02 -6.012436e-03
    endloop
  endfacet
  facet normal 0.000000e+00 -1.000000e+00 0.000000e+00
    outer loop
      vertex 4.800000e-03 3.500000e-02 -4.800000e-03
      vertex 4.100000e-03 3.500000e-02 -6.012436e-03
      vertex 4.437653e-03 3.500000e-02 -6.152296e-03
    endloop
  endfacet
  facet normal 1.305265e-01 0.000000e+00 9.914448e-01
    outer loop
      vertex 4.437653e-03 3.200000e-02 -6.152296e-03
      vertex 4.800000e-03 3.200000e-02 -6.200000e-03
      vertex 4.800000e-03 3.500000e-02 -6.200000e-03
    endloop
  endfacet
  facet normal 1.305265e-01 -0.000000e+00 9.914448e-01
    outer loop
      vertex 4.437653e-03 3.200000e-02 -6.152296e-03
      vertex 4.800000e-03 3.500000e-02 -6.200000e-03
      vertex 4.437653e-03 3.500000e-02 -6.152296e-03
    endloop
  endfacet
  facet normal 0.000000e+00 1.000000e+00 0.000000e+00
    outer loop
      vertex 4.800000e-03 3.200000e-02 -4.800000e-03
      vertex 4.800000e-03 3.200000e-02 -6.200000e-03
      vertex 4.437653e-03 3.200000e-02 -6.152296e-03
    endloop
  endfacet
  facet normal 0.000000e+00 -1.000000e+00 -0.000000e+00
    outer loop
      vertex 4.800000e-03 3.500000e-02 -4.800000e-03
      vertex 4.437653e-03 3.500000e-02 -6.152296e-03
      vertex 4.800000e-03 3.500000e-02 -6.200000e-03
    endloop
  endfacet
  facet normal -1.305265e-01 0.000000e+00 9.914448e-01
    outer loop
      vertex 4.800000e-03 3.200000e-02 -6.200000e-03
      vertex 5.162347e-03 3.200000e-02 -6.152296e-03
      vertex 5.162347e-03 3.500000e-02 -6.152296e-03
    endloop
  endfacet
  facet normal -1.305265e-01 0.000000e+00 9.914448e-01
    outer loop
      vertex 4.800000e-03 3.200000e-02 -6.200000e-03
      vertex 5.162347e-03 3.500000e-02 -6.152296e-03
      vertex 4.800000e-03 3.500000e-02 -6.200000e-03
    endloop
  endfacet
  facet normal 0.000000e+00 1.000000e+00 0.000000e+00
    outer loop
      vertex 4.800000e-03 3.200000e-02 -4.800000e-03
      vertex 5.162347e-03 3.200000e-02 -6.152296e-03
      vertex 4.800000e-03 3.200000e-02 -6.200000e-03
    endloop
  endfacet
  facet normal 0.000000e+00 -1.000000e+00 0.000000e+00
    outer loop
      vertex 4.800000e-03 3.500000e-02 -4.800000e-03
      vertex 4.800000e-03 3.500000e-02 -6.200000e-03
      vertex 5.162347e-03 3.500000e-02 -6.152296e-03
    endloop
  endfacet
  facet normal -3.826824e-01 0.000000e+00 9.238800e-01
    outer loop
      vertex 5.162347e-03 3.200000e-02 -6.152296e-03
      vertex 5.500000e-03 3.200000e-02 -6.012436e-03
      vertex 5.500000e-03 3.500000e-02 -6.012436e-03
    endloop
  endfacet
  facet normal -3.826824e-01 0.000000e+00 9.238800e-01
    outer loop
      vertex 5.162347e-03 3.200000e-02 -6.152296e-03
      vertex 5.500000e-03 3.500000e-02 -6.012436e-03
      vertex 5.162347e-03 3.500000e-02 -6.152296e-03
    endloop
  endfacet
  facet normal 0.000000e+00 1.000000e+00 0.000000e+00
    outer loop
      vertex 4.800000e-03 3.200000e-02 -4.800000e-03
      vertex 5.500000e-03 3.200000e-02 -6.012436e-03
      vertex 5.162347e-03 3.200000e-02 -6.152296e-03
    endloop
  endfacet
  facet normal 0.000000e+00 -1.000000e+00 0.000000e+00
    outer loop
      vertex 4.800000e-03 3.500000e-02 -4.800000e-03
      vertex 5.162347e-03 3.500000e-02 -6.152296e-03
      vertex 5.500000e-03 3.500000e-02 -6.012436e-03
    endloop
  endfacet
  facet normal -6.087637e-01 0.000000e+00 7.933516e-01
    outer loop
      vertex 5.500000e-03 3.200000e-02 -6.012436e-03
      vertex 5.789949e-03 3.200000e-02 -5.789949e-03
      vertex 5.789949e-03 3.500000e-02 -5.789949e-03
    endloop
  endfacet
  facet normal -6.087637e-01 0.000000e+00 7.933516e-01
    outer loop
      vertex 5.500000e-03 3.200000e-02 -6.012436e-03
      vertex 5.789949e-03 3.500000e-02 -5.789949e-03
      vertex 5.500000e-03 3.500000e-02 -6.012436e-03
    endloop
  endfacet
  facet normal 0.000000e+00 1.000000e+00 0.000000e+00
    outer loop
      vertex 4.800000e-03 3.200000e-02 -4.800000e-03
      vertex 5.789949e-03 3.200000e-02 -5.789949e-03
      vertex 5.500000e-03 3.200000e-02 -6.012436e-03
    endloop
  endfacet
  facet normal 0.000000e+00 -1.000000e+00 0.000000e+00
    outer loop
      vertex 4.800000e-03 3.500000e-02 -4.800000e-03
      vertex 5.500000e-03 3.500000e-02 -6.012436e-03
      vertex 5.789949e-03 3.500000e-02 -5.789949e-03
    endloop
  endfacet
  facet normal -7.933516e-01 0.000000e+00 6.087637e-01
    outer loop
      vertex 5.789949e-03 3.200000e-02 -5.789949e-03
      vertex 6.012436e-03 3.200000e-02 -5.500000e-03
      vertex 6.012436e-03 3.500000e-02 -5.500000e-03
    endloop
  endfacet
  facet normal -7.933516e-01 0.000000e+00 6.087637e-01
    outer loop
      vertex 5.789949e-03 3.200000e-02 -5.789949e-03
      vertex 6.012436e-03 3.500000e-02 -5.500000e-03
      vertex 5.789949e-03 3.500000e-02 -5.789949e-03
    endloop
  endfacet
  facet normal 0.000000e+00 1.000000e+00 0.000000e+00
    outer loop
      vertex 4.800000e-03 3.200000e-02 -4.800000e-03
      vertex 6.012436e-03 3.200000e-02 -5.500000e-03
      vertex 5.789949e-03 3.200000e-02 -5.789949e-03
    endloop
  endfacet
  facet normal 0.000000e+00 -1.000000e+00 0.000000e+00
    outer loop
      vertex 4.800000e-03 3.500000e-02 -4.800000e-03
      vertex 5.789949e-03 3.500000e-02 -5.789949e-03
      vertex 6.012436e-03 3.500000e-02 -5.500000e-03
    endloop
  endfacet
  facet normal -9.238800e-01 0.000000e+00 3.826824e-01
    outer loop
      vertex 6.012436e-03 3.200000e-02 -5.500000e-03
      vertex 6.152296e-03 3.200000e-02 -5.162347e-03
      vertex 6.152296e-03 3.500000e-02 -5.162347e-03
    endloop
  endfacet
  facet normal -9.238800e-01 0.000000e+00 3.826824e-01
    outer loop
      vertex 6.012436e-03 3.200000e-02 -5.500000e-03
      vertex 6.152296e-03 3.500000e-02 -5.162347e-03
      vertex 6.012436e-03 3.500000e-02 -5.500000e-03
    endloop
  endfacet
  facet normal 0.000000e+00 1.000000e+00 0.000000e+00
    outer loop
      vertex 4.800000e-03 3.200000e-02 -4.800000e-03
      vertex 6.152296e-03 3.200000e-02 -5.162347e-03
      vertex 6.012436e-03 3.200000e-02 -5.500000e-03
    endloop
  endfacet
  facet normal 0.000000e+00 -1.000000e+00 0.000000e+00
    outer loop
      vertex 4.800000e-03 3.500000e-02 -4.800000e-03
      vertex 6.012436e-03 3.500000e-02 -5.500000e-03
      vertex 6.152296e-03 3.500000e-02 -5.162347e-03
    endloop
  endfacet
  facet normal -9.914448e-01 0.000000e+00 1.305265e-01
    outer loop
      vertex 6.152296e-03 3.200000e-02 -5.162347e-03
      vertex 6.200000e-03 3.200000e-02 -4.800000e-03
      vertex 6.200000e-03 3.500000e-02 -4.800000e-03
    endloop
  endfacet
  facet normal -9.914448e-01 0.000000e+00 1.305265e-01
    outer loop
      vertex 6.152296e-03 3.200000e-02 -5.162347e-03
      vertex 6.200000e-03 3.500000e-02 -4.800000e-03
      vertex 6.152296e-03 3.500000e-02 -5.162347e-03
    endloop
  endfacet
  facet normal -0.000000e+00 1.000000e+00 0.000000e+00
    outer loop
      vertex 4.800000e-03 3.200000e-02 -4.800000e-03
      vertex 6.200000e-03 3.200000e-02 -4.800000e-03
      vertex 6.152296e-03 3.200000e-02 -5.162347e-03
    endloop
  endfacet
  facet normal 0.000000e+00 -1.000000e+00 0.000000e+00
    outer loop
      vertex 4.800000e-03 3.500000e-02 -4.800000e-03
      vertex 6.152296e-03 3.500000e-02 -5.162347e-03
      vertex 6.200000e-03 3.500000e-02 -4.800000e-03
    endloop
  endfacet
endsolid QARM_quad_fruit_gripper
